"key";"label";"required";"nl";"fr";"en";"de";"es";"pl";"pt";"tr"
"meta.home.title";"Homepage · SEO-titel";"true";"Enrosed — Gepreserveerde rozen voor groothandel";"Enrosed — Roses préservées en gros";"Enrosed — Wholesale preserved roses";"Enrosed — Konservierte Rosen im Großhandel";"Enrosed — Rosas preservadas al por mayor";"Enrosed — Róże stabilizowane w hurcie";"Enrosed — Rosas preservadas por grosso";"Enrosed — Toptan korunmuş güller"
"meta.home.description";"Homepage · SEO-beschrijving";"true";"Ontdek Enrosed gepreserveerde rozen voor groothandel: bestverkochte glazen schalen, toonbankdisplays, stolpen en flowerboxes voor bloemisten en retailinkopers.";"Découvrez les roses préservées Enrosed pour les professionnels : bols en verre best-sellers, présentoirs de comptoir, cloches en verre et flowerboxes pour fleuristes et acheteurs retail.";"Explore Enrosed preserved roses for wholesale: bestselling glass bowls, counter displays, glass domes and flowerboxes for florists and retail buyers.";"Entdecken Sie konservierte Enrosed-Rosen für den Großhandel: meistverkaufte Glasschalen, Thekendisplays, Glasglocken und Flowerboxen für Floristen und Einkäufer.";"Descubra las rosas preservadas Enrosed para mayoristas: cuencos de vidrio superventas, expositores de mostrador, cúpulas de cristal y flowerboxes para floristas y compradores retail.";"Poznaj stabilizowane róże Enrosed dla hurtowni: bestsellerowe szklane miseczki, ekspozytory na ladę, szklane klosze i flowerboxy dla kwiaciarni oraz kupców detalicznych.";"Descubra as rosas preservadas Enrosed para grossistas: taças de vidro mais vendidas, expositores de balcão, cúpulas de vidro e flowerboxes para floristas e compradores de retalho.";"Toptan satış için Enrosed korunmuş güllerini keşfedin: en çok satan cam kaseler, tezgâh stantları, cam fanuslar ve flowerboxlar; çiçekçiler ve perakende alıcıları için."
"meta.home.imageAlt";"Homepage · Sociale deelfoto · alternatieve tekst";"true";"Presentatie van een gepreserveerde roos van Enrosed";"Présentation d’une rose préservée Enrosed";"Enrosed preserved rose presentation";"Präsentation einer konservierten Rose von Enrosed";"Presentación de una rosa preservada Enrosed";"Prezentacja róży stabilizowanej Enrosed";"Apresentação de uma rosa preservada Enrosed";"Enrosed korunmuş gül sunumu"
"meta.products.title";"Productoverzicht · SEO-titel";"true";"Rozencollectie voor groothandel | Enrosed";"Collection de roses en gros | Enrosed";"Wholesale Rose Collection | Enrosed";"Rosenkollektion für den Großhandel | Enrosed";"Colección de rosas al por mayor | Enrosed";"Hurtowa kolekcja róż | Enrosed";"Coleção de rosas por grosso | Enrosed";"Toptan gül koleksiyonu | Enrosed"
"meta.products.description";"Productoverzicht · SEO-beschrijving";"true";"Ontdek alle Enrosed rozenformaten voor groothandel, met onze bestverkochte glazen schalen voorop, naast gepreserveerde toonbankdisplays, stolpen en flowerboxes. Vraag rechtstreeks handelsprijzen en doosdetails aan.";"Découvrez tous les formats de roses Enrosed pour les professionnels, avec nos bols en verre best-sellers en tête, puis les présentoirs de roses préservées, les cloches et les flowerboxes. Demandez directement les tarifs professionnels et les détails des cartons.";"Explore all Enrosed wholesale rose formats, led by our bestselling glass bowls, preserved counter displays, domes and flowerboxes. Request trade pricing and carton details directly.";"Entdecken Sie alle Enrosed-Rosenformate für den Großhandel – angeführt von unseren meistverkauften Glasschalen, ergänzt durch Thekendisplays mit konservierten Rosen, Glasglocken und Flowerboxen. Fragen Sie Handelspreise und Kartondetails direkt an.";"Descubra todos los formatos de rosas Enrosed para mayoristas, encabezados por nuestros cuencos de vidrio superventas, junto con expositores de rosas preservadas, cúpulas y flowerboxes. Solicite directamente precios profesionales y datos de las cajas.";"Poznaj wszystkie hurtowe formaty róż Enrosed — z naszymi najlepiej sprzedającymi się szklanymi miseczkami na czele, a także ekspozytory ze stabilizowanymi różami, klosze i flowerboxy. Zapytaj bezpośrednio o ceny hurtowe i dane kartonów.";"Descubra todos os formatos de rosas Enrosed para grossistas, liderados pelas nossas taças de vidro mais vendidas, seguidas de expositores com rosas preservadas, cúpulas e flowerboxes. Peça diretamente preços profissionais e dados das caixas.";"En çok satan cam kaselerimizin öncülük ettiği tüm Enrosed toptan gül formatlarını; korunmuş gül stantlarını, fanusları ve flowerboxları keşfedin. Ticari fiyatları ve karton bilgilerini doğrudan isteyin."
"meta.quote.title";"Offerte · SEO-titel";"true";"Groothandelsofferte aanvragen | Enrosed";"Demander un devis grossiste | Enrosed";"Request a wholesale quote | Enrosed";"Großhandelsangebot anfordern | Enrosed";"Solicitar un presupuesto mayorista | Enrosed";"Poproś o ofertę hurtową | Enrosed";"Pedir um orçamento para grossistas | Enrosed";"Toptan satış teklifi isteyin | Enrosed"
"meta.quote.description";"Offerte · SEO-beschrijving";"true";"Stel een Enrosed-groothandelsofferte samen met actuele productprijzen, aantallen per volle doos en geschatte leveringskosten.";"Composez un devis grossiste Enrosed avec les prix actuels des produits, des quantités par carton complet et une estimation des frais de livraison.";"Build an Enrosed wholesale quote with current product prices, full-carton quantities and delivery estimates.";"Stellen Sie ein Enrosed-Großhandelsangebot mit aktuellen Produktpreisen, Mengen in vollen Kartons und geschätzten Lieferkosten zusammen.";"Prepare un presupuesto mayorista de Enrosed con precios actuales, cantidades por cajas completas y costes de envío estimados.";"Przygotuj ofertę hurtową Enrosed z aktualnymi cenami produktów, ilościami w pełnych kartonach i szacowanymi kosztami dostawy.";"Prepare um orçamento Enrosed para grossistas com preços atuais, quantidades por caixas completas e custos de entrega estimados.";"Güncel ürün fiyatları, tam karton miktarları ve tahmini teslimat maliyetleriyle Enrosed toptan satış teklifinizi oluşturun."
"meta.notFound.title";"404-pagina · SEO-titel";"true";"Pagina niet gevonden | Enrosed";"Page introuvable | Enrosed";"Page not found | Enrosed";"Seite nicht gefunden | Enrosed";"Página no encontrada | Enrosed";"Nie znaleziono strony | Enrosed";"Página não encontrada | Enrosed";"Sayfa bulunamadı | Enrosed"
"meta.notFound.description";"404-pagina · SEO-beschrijving";"true";"De opgevraagde Enrosed-pagina kon niet worden gevonden. Ontdek de rozengroothandelcollectie of ga terug naar de homepage.";"La page Enrosed demandée est introuvable. Explorez la collection de roses en gros ou revenez à la page d'accueil.";"The requested Enrosed page could not be found. Explore the wholesale rose collection or return to the homepage.";"Die angeforderte Enrosed-Seite konnte nicht gefunden werden. Entdecken Sie die Rosenkollektion im Großhandel oder kehren Sie zur Homepage zurück.";"No se pudo encontrar la página Enrosed solicitada. Explore la colección de rosas al por mayor o regrese a la página de inicio.";"Nie można znaleźć żądanej strony Enrosed. Zapoznaj się z hurtową kolekcją róż lub wróć na stronę główną.";"A página Enrosed solicitada não foi encontrada. Explore a coleção de rosas por grosso ou regresse à página inicial.";"İstenen Enrosed sayfası bulunamadı. Toptan gül koleksiyonunu keşfedin veya ana sayfaya dönün."
"a11y.skipToContent";"Toegankelijkheid · Naar inhoud springen";"true";"Ga naar inhoud";"Passer au contenu";"Skip to content";"Zum Inhalt springen";"Saltar al contenido";"Przejdź do treści";"Saltar para o conteúdo";"İçeriğe atla"
"a11y.mainNavigation";"Toegankelijkheid · Hoofdnavigatie";"true";"Hoofdnavigatie";"Navigation principale";"Main navigation";"Hauptnavigation";"Navegación principal";"Główna nawigacja";"Navegação principal";"Ana gezinme"
"a11y.mobileNavigation";"Toegankelijkheid · Mobiele navigatie";"true";"Mobiele navigatie";"Navigation mobile";"Mobile navigation";"Mobile Navigation";"Navegación móvil";"Nawigacja mobilna";"Navegação móvel";"Mobil navigasyon"
"a11y.mainMenu";"Toegankelijkheid · Hoofdmenu";"true";"Hoofdmenu";"Menu principal";"Main menu";"Hauptmenü";"Menú principal";"Menu główne";"Menu principal";"Ana menü"
"a11y.openNavigation";"Toegankelijkheid · Navigatie openen";"true";"Hoofdmenu";"Menu principal";"Main menu";"Hauptmenü";"Menú principal";"Menu główne";"Menu principal";"Ana menü"
"a11y.closeNavigation";"Toegankelijkheid · Navigatie sluiten";"true";"Navigatiemenu sluiten";"Fermer le menu de navigation";"Close navigation menu";"Navigationsmenü schließen";"Cerrar menú de navegación";"Zamknij menu nawigacyjne";"Fechar menu de navegação";"Gezinme menüsünü kapat"
"a11y.productCategories";"Toegankelijkheid · Productcategorieën";"true";"Productcategorieën";"Catégories de produits";"Product categories";"Produktkategorien";"Categorías de productos";"Kategorie produktów";"Categorias de produtos";"Ürün kategorileri"
"a11y.breadcrumb";"Toegankelijkheid · Broodkruimel";"true";"Broodkruimelnavigatie";"Fil d’Ariane";"Breadcrumb";"Brotkrümelnavigation";"Ruta de navegación";"Nawigacja okruszkowa";"Caminho de navegação";"Sayfa yolu"
"a11y.legalAndPrivacy";"Toegankelijkheid · Juridisch en privacy";"true";"Juridisch en privacy";"Mentions légales et confidentialité";"Legal and privacy";"Rechtliches und Datenschutz";"Legal y privacidad";"Informacje prawne i prywatność";"Legal e privacidade";"Yasal bilgiler ve gizlilik"
"a11y.languageSwitcher";"Toegankelijkheid · Taalwisselaar";"true";"Taal kiezen";"Choisir la langue";"Choose language";"Wählen Sie die Sprache";"Elige idioma";"Wybierz język";"Escolha o idioma";"Dil seçin"
"a11y.currentLanguage";"Toegankelijkheid · Huidige taal";"true";"{language}, huidige taal";"{language}, langue actuelle";"{language}, current language";"{language}, aktuelle Sprache";"{language}, idioma actual";"{language}, bieżący język";"{language}, idioma atual";"{language}, mevcut dil"
"a11y.productCount";"Toegankelijkheid · Productaantal";"true";"Aantal producten: {count}";"Nombre de produits : {count}";"{count} products";"Anzahl der Produkte: {count}";"Número de productos: {count}";"Liczba produktów: {count}";"Número de produtos: {count}";"Ürün sayısı: {count}"
"a11y.categoryProductList";"Toegankelijkheid · Productlijst per categorie";"true";"{category} producten";"Produits {category}";"{category} products";"{category} Produkte";"{category} productos";"Produkty {category}";"Produtos {category}";"{category} ürünleri"
"a11y.viewProduct";"Toegankelijkheid · Product bekijken";"true";"Bekijk {product} productdetails";"Voir les détails du produit {product}";"View {product} product details";"Produktdetails zu {product} anzeigen";"Ver los detalles del producto {product}";"Wyświetl szczegóły produktu {product}";"Ver detalhes do produto {product}";"{product} ürün ayrıntılarını görüntüleyin"
"language.en";"Taalnamen · Engels";"true";"English";"English";"English";"English";"English";"English";"English";"English"
"language.nl";"Taalnamen · Nederlands";"true";"Nederlands";"Nederlands";"Nederlands";"Nederlands";"Nederlands";"Nederlands";"Nederlands";"Nederlands"
"language.fr";"Taalnamen · Frans";"true";"Français";"Français";"Français";"Français";"Français";"Français";"Français";"Français"
"language.de";"Taalnamen · Duits";"true";"Deutsch";"Deutsch";"Deutsch";"Deutsch";"Deutsch";"Deutsch";"Deutsch";"Deutsch"
"language.es";"Taalnamen · Spaans";"true";"Español";"Español";"Español";"Español";"Español";"Español";"Español";"Español"
"language.pl";"Taalnamen · Pools";"true";"Polski";"Polski";"Polski";"Polski";"Polski";"Polski";"Polski";"Polski"
"language.pt";"Taalnamen · Portugees";"true";"Português";"Português";"Português";"Português";"Português";"Português";"Português";"Português"
"language.tr";"Taalnamen · Turks";"true";"Türkçe";"Türkçe";"Türkçe";"Türkçe";"Türkçe";"Türkçe";"Türkçe";"Türkçe"
"common.home";"Algemeen · Homepage";"true";"Thuis";"Accueil";"Home";"Startseite";"Inicio";"Strona główna";"Página inicial";"Ana Sayfa"
"common.products";"Algemeen · Producten";"true";"Producten";"Produits";"Products";"Produkte";"Productos";"Produkty";"Produtos";"Ürünler"
"common.allProducts";"Algemeen · Alle producten";"true";"Alle producten";"Tous les produits";"All products";"Alle Produkte";"Todos los productos";"Wszystkie produkty";"Todos os produtos";"Tüm ürünler"
"common.requestQuote";"Algemeen · Offerte aanvragen";"true";"Vraag een offerte aan";"Demander un devis";"Request a quote";"Fordern Sie ein Angebot an";"Solicitar presupuesto";"Poproś o wycenę";"Pedir orçamento";"Fiyat teklifi isteyin"
"common.requestTradeQuote";"Algemeen · Handelsofferte aanvragen";"true";"Vraag een handelsofferte aan";"Demander un devis commercial";"Request a trade quote";"Fordern Sie ein Handelsangebot an";"Solicitar un presupuesto comercial";"Poproś o wycenę handlową";"Pedir proposta comercial";"Ticari fiyat teklifi isteyin"
"common.viewProduct";"Algemeen · Product bekijken";"true";"Bekijk product";"Voir le produit";"View product";"Produkt anzeigen";"Ver producto";"Zobacz produkt";"Ver produto";"Ürünü göster"
"common.viewCollection";"Algemeen · Collectie bekijken";"true";"Bekijk de collectie";"Voir la collection";"View the collection";"Sehen Sie sich die Sammlung an";"Ver la colección";"Zobacz kolekcję";"Ver coleção";"Koleksiyonu görüntüle"
"common.tradeWholesale";"Algemeen · Handel en groothandel";"true";"Handel en groothandel";"Commerce et vente en gros";"Trade & wholesale";"Handel & Großhandel";"Comercio y venta al por mayor";"Handel i sprzedaż hurtowa";"Comércio e venda por grosso";"Ticaret ve toptan satış"
"header.productCollections";"Header · Productcollecties";"true";"Productcollecties";"Collections de produits";"Product collections";"Produktkollektionen";"Colecciones de productos";"Kolekcje produktów";"Coleções de produtos";"Ürün koleksiyonları"
"header.tradeFaq";"Header · Veelgestelde handelsvragen";"true";"Veelgestelde vragen over handel";"FAQ commerciale";"Trade FAQ";"Trade-FAQ";"Preguntas frecuentes sobre el comercio";"Często zadawane pytania dotyczące handlu";"Perguntas frequentes para profissionais";"Ticaret SSS"
"header.legalInformation";"Header · Juridische informatie";"true";"Juridisch & informatie";"Mentions légales & informations";"Legal & information";"Rechtliches & Informationen";"Legal e información";"Informacje prawne";"Informação legal";"Yasal bilgiler"
"header.menu";"Header · Menu";"true";"Menu";"Menu";"Menu";"Menü";"Menú";"Menu";"Menu";"Menü"
"header.quoteShort";"Header · korte offerteknop";"true";"Offerte";"Devis";"Quote";"Angebot";"Presupuesto";"Wycena";"Orçamento";"Teklif"
"footer.homeAria";"Footer · toegankelijkheidslabel voor link naar homepage";"true";"Homepage van Enrosed";"Accueil Enrosed";"Enrosed home";"Enrosed Startseite";"Inicio de Enrosed";"Strona główna Enrosed";"Página inicial da Enrosed";"Enrosed ana sayfası"
"footer.tagline";"Footer · Slogan";"true";"Gepreserveerde rozen en retaildisplays voor groothandel.";"Roses préservées et présentoirs retail pour les professionnels.";"Preserved roses and retail displays for wholesale.";"Konservierte Rosen und Verkaufsdisplays für den Großhandel.";"Rosas preservadas y expositores retail para mayoristas.";"Róże stabilizowane i ekspozytory detaliczne dla hurtowni.";"Rosas preservadas e expositores de retalho para grossistas.";"Toptan satış için korunmuş güller ve perakende stantları."
"footer.quoteEmailSubject";"Footer · offerte e-mailonderwerp";"true";"Groothandel offerteaanvraag";"Demande de devis en gros";"Wholesale quote request";"Angebotsanfrage für den Großhandel";"Solicitud de presupuesto al por mayor";"Zapytanie o wycenę hurtową";"Pedido de orçamento por grosso";"Toptan fiyat teklifi talebi"
"footer.collections";"Footer · Collecties";"true";"Collecties";"Collections";"Collections";"Kollektionen";"Colecciones";"Kolekcje";"Coleções";"Koleksiyonlar"
"footer.company";"Footer · Bedrijf";"true";"Bedrijf";"Société";"Company";"Unternehmen";"Empresa";"Firma";"Empresa";"Şirket"
"footer.visitShop";"Footer · Winkel bezoeken";"true";"Bezoek & shop";"Visiter & acheter";"Visit & shop";"Besuchen & einkaufen";"Visitar & comprar";"Odwiedź & kup";"Visitar & comprar";"Ziyaret & alışveriş"
"footer.ticaBrussels";"Footer · TICA Brussels";"true";"TICA Brussels";"TICA Brussels";"TICA Brussels";"TICA Brussels";"TICA Brussels";"TICA Brussels";"TICA Brussels";"TICA Brussels"
"footer.tradeTerms";"Footer · Handelsvoorwaarden";"true";"Handelsvoorwaarden";"Conditions commerciales";"Trade terms";"Handelsbedingungen";"Términos comerciales";"Warunki handlowe";"Termos comerciais";"Ticaret şartları"
"footer.privacy";"Footer · Privacybeleid";"true";"Privacy";"Confidentialité";"Privacy";"Datenschutz";"Privacidad";"Prywatność";"Privacidade";"Gizlilik"
"footer.shippingReturns";"Footer · Verzending en retouren";"true";"Verzenden en retourneren";"Expéditions et retours";"Shipping & returns";"Versand und Rücksendungen";"Envíos y devoluciones";"Wysyłka i zwroty";"Envios e devoluções";"Gönderim ve iadeler"
"footer.legalNotice";"Footer · Juridische informatie";"true";"Juridische mededeling";"Mentions légales";"Legal notice";"Rechtlicher Hinweis";"Aviso legal";"Nota prawna";"Aviso legal";"Yasal bildirim"
"footer.cookiePreferences";"Footer · Cookievoorkeuren";"true";"Cookievoorkeuren";"Préférences en matière de cookies";"Cookie preferences";"Cookie-Einstellungen";"Preferencias de cookies";"Preferencje dotyczące plików cookie";"Preferências de cookies";"Çerez tercihleri"
"footer.signature";"Footer · onderschrift";"true";"Ontworpen in Londen · Op voorraad in België";"Conçu à Londres · Stocké en Belgique";"Designed in London · Stocked in Belgium";"Entworfen in London · Auf Lager in Belgien";"Diseñado en Londres · Almacenado en Bélgica";"Zaprojektowano w Londynie · Dostępne z magazynu w Belgii";"Concebido em Londres · Em stock na Bélgica";"Londra'da Tasarlandı · Belçika'da Stoklu"
"footer.cookie.closeAria";"Footer · Cookievenster · toegankelijkheidslabel voor sluiten";"true";"Cookievoorkeuren sluiten";"Fermer les préférences en matière de cookies";"Close cookie preferences";"Cookie-Einstellungen schließen";"Cerrar preferencias de cookies";"Zamknij preferencje dotyczące plików cookie";"Fechar preferências de cookies";"Çerez tercihlerini kapat"
"footer.cookie.label";"Footer · Cookievenster · bovenlabel";"true";"Privacycontroles";"Contrôles de confidentialité";"Privacy controls";"Datenschutzkontrollen";"Controles de privacidad";"Kontrola prywatności";"Controlos de privacidade";"Gizlilik kontrolleri"
"footer.cookie.title";"Footer · Cookievenster · titel";"true";"Cookievoorkeuren";"Préférences en matière de cookies";"Cookie preferences";"Cookie-Einstellungen";"Preferencias de cookies";"Preferencje dotyczące plików cookie";"Preferências de cookies";"Çerez tercihleri"
"footer.cookie.description";"Footer · Cookievenster · beschrijving";"true";"Deze Enrosed-website gebruikt momenteel geen analyse- of advertentiecookies. Er wordt alleen gebruik gemaakt van de functionaliteit die nodig is om de website weer te geven en de door u gekozen links te openen.";"Ce site Web Enrosed n'utilise actuellement aucun cookie d'analyse ou publicitaire. Seules les fonctionnalités nécessaires à l'affichage du site Internet et à l'ouverture des liens que vous choisissez sont utilisées.";"This Enrosed website currently uses no analytics or advertising cookies. Only the functionality required to display the website and open the links you choose is used.";"Diese Enrosed-Website verwendet derzeit keine Analyse- oder Werbecookies. Es werden nur die Funktionen genutzt, die zum Anzeigen der Website und zum Öffnen der von Ihnen ausgewählten Links erforderlich sind.";"Este sitio web Enrosed actualmente no utiliza cookies de análisis ni publicidad. Solo se utiliza la funcionalidad requerida para mostrar el sitio web y abrir los enlaces que usted elija.";"Ta witryna internetowa Enrosed nie wykorzystuje obecnie żadnych plików cookie do celów analitycznych ani reklamowych. Wykorzystywane są wyłącznie funkcjonalności niezbędne do wyświetlenia strony i otwarcia wybranych przez Ciebie linków.";"Este website Enrosed não utiliza atualmente cookies analíticos ou publicitários. Apenas são utilizadas as funcionalidades necessárias para exibir o site e abrir os links que escolher.";"Bu Enrosed web sitesi şu anda hiçbir analiz veya reklam çerezi kullanmamaktadır. Yalnızca web sitesini görüntülemek ve seçtiğiniz bağlantıları açmak için gereken işlevler kullanılır."
"footer.cookie.useAria";"Footer · Cookievenster · toegankelijkheidslabel voor cookiegebruik";"true";"Cookiegebruik";"Utilisation des cookies";"Cookie use";"Verwendung von Cookies";"Uso de cookies";"Wykorzystanie plików cookie";"Utilização de cookies";"Çerez kullanımı"
"footer.cookie.necessaryTitle";"Footer · Cookievenster · titel noodzakelijke cookies";"true";"Noodzakelijk";"Nécessaire";"Necessary";"Erforderlich";"Necesario";"Konieczne";"Necessário";"Gerekli"
"footer.cookie.necessaryDescription";"Footer · Cookievenster · beschrijving noodzakelijke cookies";"true";"Vereist om deze website te laten werken";"Requis pour que ce site Web fonctionne";"Required for this website to work";"Erforderlich, damit diese Website funktioniert";"Requerido para que este sitio web funcione";"Wymagane do działania tej witryny";"Necessário para que este site funcione";"Bu web sitesinin çalışması için gereklidir"
"footer.cookie.alwaysOn";"Footer · Cookievenster · status altijd actief";"true";"Altijd aan";"Toujours actif";"Always on";"Immer an";"Siempre encendido";"Zawsze włączone";"Sempre ligado";"Her zaman açık"
"footer.cookie.analyticsTitle";"Footer · Cookievenster · titel analytics";"true";"Analyse/marketing";"Analyse / marketing";"Analytics / marketing";"Analytik / Marketing";"Análisis / marketing";"Analityka / marketing";"Análise/marketing";"Analitik / pazarlama"
"footer.cookie.analyticsDescription";"Footer · Cookievenster · beschrijving analytics";"true";"Geen bezoekersprofilerings- of advertentiecookies";"Pas de profilage des visiteurs ni de cookies publicitaires";"No visitor profiling or advertising cookies";"Keine Cookies zur Besucherprofilierung oder Werbung";"Sin perfiles de visitantes ni cookies publicitarias";"Brak plików cookie służących do profilowania odwiedzających i reklam";"Sem perfil de visitante ou cookies de publicidade";"Ziyaretçi profili oluşturma veya reklam çerezleri yok"
"footer.cookie.notUsed";"Footer · Cookievenster · status niet gebruikt";"true";"Niet gebruikt";"Non utilisé";"Not used";"Nicht verwendet";"No utilizado";"Nieużywane";"Não utilizado";"Kullanılmıyor"
"footer.cookie.scope";"Footer · Cookievenster · reikwijdte";"true";"Deze details beschrijven het cookiegebruik op deze Enrosed-website. Lees het privacybeleid voor meer informatie over hoe Enrosed omgaat met persoonlijke gegevens.";"Ces détails décrivent l'utilisation des cookies sur ce site Web Enrosed. Pour plus d'informations sur la façon dont Enrosed gère les données personnelles, lisez la politique de confidentialité.";"These details describe cookie use on this Enrosed website. For more information about how Enrosed handles personal data, read the privacy policy.";"Diese Details beschreiben die Verwendung von Cookies auf dieser Enrosed-Website. Weitere Informationen darüber, wie Enrosed mit personenbezogenen Daten umgeht, finden Sie in der Datenschutzerklärung.";"Estos detalles describen el uso de cookies en este sitio web Enrosed. Para obtener más información sobre cómo Enrosed maneja los datos personales, lea la política de privacidad.";"Te szczegóły opisują wykorzystanie plików cookie w tej witrynie internetowej Enrosed. Aby uzyskać więcej informacji o tym, jak Enrosed obchodzi się z danymi osobowymi, zapoznaj się z polityką prywatności.";"Estes detalhes descrevem a utilização de cookies neste website Enrosed. Para mais informações sobre a forma como a Enrosed trata os dados pessoais, leia a política de privacidade.";"Bu ayrıntılar, bu Enrosed web sitesindeki çerez kullanımını açıklamaktadır. Enrosed'in kişisel verileri nasıl işlediği hakkında daha fazla bilgi için gizlilik politikasını okuyun."
"footer.cookie.readPrivacy";"Footer · Cookievenster · privacylink";"true";"Lees het privacybeleid";"Lire la politique de confidentialité";"Read the privacy policy";"Lesen Sie die Datenschutzrichtlinie";"Leer la política de privacidad";"Przeczytaj politykę prywatności";"Ler política de privacidade";"Gizlilik politikasını okuyun"
"footer.cookie.close";"Footer · Cookievenster · sluitknop";"true";"Voorkeuren sluiten";"Fermer les préférences";"Close preferences";"Schließen Sie die Einstellungen";"Cerrar preferencias";"Zamknij preferencje";"Fechar preferências";"Tercihleri kapat"
"home.hero.kicker";"Homepage · Hero · bovenkop";"true";"Enrosed · Gepreserveerde rozen · Groothandel";"Enrosed · Roses préservées · Vente en gros";"Enrosed · Preserved Roses · Wholesale";"Enrosed · Konservierte Rosen · Großhandel";"Enrosed · Rosas preservadas · Venta al por mayor";"Enrosed · Róże stabilizowane · Sprzedaż hurtowa";"Enrosed · Rosas preservadas · Venda por grosso";"Enrosed · Korunmuş güller · Toptan satış"
"home.hero.title";"Homepage · Hero · titel";"true";"Groothandelsrozen.";"Roses en gros.";"Wholesale roses.";"Rosen für den Großhandel.";"Rosas al por mayor.";"Róże dla hurtowni.";"Rosas para grossistas.";"Toptan güller."
"home.hero.titleEmphasis";"Homepage · Hero · titelaccent";"true";"Klaar voor retail.";"Prêtes pour la vente.";"Ready for retail.";"Bereit für den Verkauf.";"Listas para vender.";"Gotowe do sprzedaży.";"Prontas para vender.";"Perakendeye hazır."
"home.hero.subtitle";"Homepage · Hero · ondertitel";"true";"Bestverkochte glazen schalen, gepreserveerde toonbankdisplays, stolpen en flowerboxes voor professionele inkopers. Vergelijk formaten, kleuren en presentatie en vraag vervolgens uw handelsvoorwaarden aan.";"Bols en verre best-sellers, présentoirs de comptoir avec roses préservées, cloches et flowerboxes pour les acheteurs professionnels. Comparez les formats, les couleurs et la présentation, puis demandez vos conditions commerciales.";"Bestselling glass bowls, preserved counter displays, domes and flowerboxes for professional buyers. Compare formats, colours and presentation, then request your trade terms.";"Meistverkaufte Glasschalen, Thekendisplays mit konservierten Rosen, Glasglocken und Flowerboxen für professionelle Einkäufer. Vergleichen Sie Formate, Farben und Präsentation und fragen Sie anschließend Ihre Handelskonditionen an.";"Cuencos de vidrio superventas, expositores de mostrador con rosas preservadas, cúpulas y flowerboxes para compradores profesionales. Compare formatos, colores y presentación y solicite después sus condiciones comerciales.";"Najlepiej sprzedające się szklane miseczki, ekspozytory na ladę ze stabilizowanymi różami, klosze i flowerboxy dla profesjonalnych kupców. Porównaj formaty, kolory i sposób prezentacji, a następnie poproś o warunki handlowe.";"Taças de vidro mais vendidas, expositores de balcão com rosas preservadas, cúpulas e flowerboxes para compradores profissionais. Compare formatos, cores e apresentação e peça depois as suas condições comerciais.";"Profesyonel alıcılar için en çok satan cam kaseler, korunmuş güllü tezgâh stantları, fanuslar ve flowerboxlar. Formatları, renkleri ve sunumu karşılaştırın, ardından ticari koşullarınızı isteyin."
"home.hero.collectionCta";"Homepage · Hero · collectieknop";"true";"Bekijk de collectie";"Voir la collection";"View the collection";"Sehen Sie sich die Sammlung an";"Ver la colección";"Zobacz kolekcję";"Ver coleção";"Koleksiyonu görüntüle"
"home.hero.quoteCta";"Homepage · Hero · offerteknop";"true";"Vraag een handelsofferte aan";"Demander un devis commercial";"Request a trade quote";"Fordern Sie ein Handelsangebot an";"Solicitar un presupuesto comercial";"Poproś o wycenę handlową";"Pedir proposta comercial";"Ticari fiyat teklifi isteyin"
"home.hero.quoteShort";"Homepage · Hero · korte offerteknop";"true";"Offerte aanvragen";"Demander un devis";"Request quote";"Angebot anfordern";"Solicitar presupuesto";"Zapytaj o wycenę";"Pedir orçamento";"Fiyat teklifi iste"
"home.hero.scrollHint";"Homepage · Hero · scrollhint";"true";"Scroll — til de stolp op";"Faites défiler — soulevez la cloche";"Scroll — lift the dome";"Scrollen Sie – heben Sie die Glaskuppel an";"Deslice — levante la cúpula";"Przewiń — unieś klosz";"Deslize para baixo — levante a cúpula";"Kaydırın — fanusu kaldırın"
"home.hero.imageAlt";"Homepage · Hero · alternatieve fototekst";"true";"Een enkele dieprode gepreserveerde roos onder een glazen stolp";"Une rose préservée rouge foncé sous une cloche en verre";"A single deep-red preserved rose displayed under a glass dome";"Eine einzelne tiefrote konservierte Rose unter einer Glaskuppel";"Una única rosa preservada roja oscura bajo una cúpula de cristal";"Pojedyncza ciemnoczerwona róża stabilizowana pod szklanym kloszem";"Uma única rosa preservada vermelho-escura sob uma cúpula de vidro";"Cam fanus altında tek bir koyu kırmızı korunmuş gül"
"home.marquee.text";"Homepage · Tekstband · tekst";"true";"Bestverkochte glazen schalen · Gepreserveerde toonbankdisplays · Stolpen & flowerboxes · Private label · Alleen groothandel ·";"Bols en verre best-sellers · Présentoirs de roses préservées · Cloches & flowerboxes · Marque propre · Réservé aux professionnels ·";"Bestselling glass bowls · Preserved counter displays · Glass domes & flowerboxes · Private label · Wholesale only ·";"Meistverkaufte Glasschalen · Thekendisplays mit konservierten Rosen · Glasglocken & Flowerboxen · Eigenmarke · Nur Großhandel ·";"Cuencos de vidrio superventas · Expositores de rosas preservadas · Cúpulas & flowerboxes · Marca propia · Solo mayoristas ·";"Najlepiej sprzedające się szklane miseczki · Ekspozytory ze stabilizowanymi różami · Klosze & flowerboxy · Marka własna · Tylko hurt ·";"Taças de vidro mais vendidas · Expositores com rosas preservadas · Cúpulas & flowerboxes · Marca própria · Apenas grossistas ·";"En çok satan cam kaseler · Korunmuş gül stantları · Fanuslar & flowerboxlar · Özel marka · Yalnızca toptan satış ·"
"home.counter.titleLead";"Homepage · Toonbankpresentatie · titel voorloop";"true";"Gemaakt voor de";"Pensé pour le";"Made for the";"Für die";"Hecho para el";"Stworzone na";"Feito para o";"Tezgâh için"
"home.counter.titleWord";"Homepage · Toonbankpresentatie · titel accentwoord";"true";"toonbank";"comptoir";"counter";"Verkaufstheke";"mostrador";"ladę";"balcão";"tasarlandı"
"home.counter.intro";"Homepage · Toonbankpresentatie · inleiding";"true";"Bekijk drie Enrosed-displayformaten van dichtbij, zodat hun cadeauklare details in één oogopslag zichtbaar zijn.";"Découvrez de près trois formats de présentation Enrosed et leurs détails prêts à offrir, visibles en un coup d’œil.";"A closer look at three Enrosed display formats, presented where their gift-ready details can be seen at a glance.";"Drei Enrosed-Displayformate aus der Nähe — mit geschenkfertigen Details, die sofort ins Auge fallen.";"Descubra de cerca tres formatos de exposición Enrosed, con detalles listos para regalar que se aprecian de un vistazo.";"Przyjrzyj się z bliska trzem formatom ekspozycyjnym Enrosed, których prezentowe detale widać na pierwszy rzut oka.";"Veja de perto três formatos de exposição Enrosed, com detalhes prontos a oferecer e visíveis num instante.";"Hediye sunumuna hazır ayrıntıları ilk bakışta görülen üç Enrosed teşhir formatına yakından bakın."
"home.counter.item1.eyebrow";"Homepage · Toonbankpresentatie · item 1 · bovenlabel";"true";"Toonbankdisplay · 01";"Présentoir de comptoir · 01";"Counter display · 01";"Thekendisplay · 01";"Expositor de mostrador · 01";"Ekspozytor na ladę · 01";"Expositor de balcão · 01";"Tezgâh standı · 01"
"home.counter.item1.title";"Homepage · Toonbankpresentatie · item 1 · titel";"true";"De diamant";"Le Diamant";"The Diamond";"Der Diamant";"El Diamante";"Diament";"O Diamante";"Elmas"
"home.counter.item1.description";"Homepage · Toonbankpresentatie · item 1 · beschrijving";"true";"Twaalf individuele rozenpresentatiedozen verzameld in één compacte toonbankdisplay.";"Douze boîtes de présentation de roses individuelles rassemblées dans un présentoir compact.";"Twelve individual rose presentation boxes gathered in one compact counter display.";"Zwölf einzelne Rosen-Präsentationsboxen, zusammengefasst in einem kompakten Thekendisplay.";"Doce cajas individuales de presentación de rosas reunidas en un expositor compacto de mostrador.";"Dwanaście pojedynczych pudełek prezentacyjnych z różami zebranych w jednym kompaktowym ekspozytorze na ladę.";"Doze caixas individuais de apresentação de rosas reunidas num expositor compacto.";"Tek bir kompakt tezgah teşhirinde toplanmış on iki ayrı gül sunum kutusu."
"home.counter.item1.imageAlt";"Homepage · Toonbankpresentatie · item 1 · alternatieve fototekst";"true";"Diamanten rozentoonbankdisplay met twaalf individuele presentatiedozen";"Présentoir de comptoir rose diamant avec douze boîtes de présentation individuelles";"Diamond rose counter display with twelve individual presentation boxes";"Diamond Rose Thekendisplay mit zwölf einzelnen Präsentationsboxen";"Expositor de mostrador Diamond Rose con doce cajas de presentación individuales";"Diamentowy ekspozytor z różami z dwunastoma indywidualnymi pudełkami prezentacyjnymi";"Expositor de balcão Diamond Rose com doze caixas de apresentação individuais";"On iki ayrı sunum kutusu içeren Diamond Rose tezgâh standı"
"home.counter.item2.eyebrow";"Homepage · Toonbankpresentatie · item 2 · bovenlabel";"true";"Toonbankdisplay · 02";"Présentoir de comptoir · 02";"Counter display · 02";"Thekendisplay · 02";"Expositor de mostrador · 02";"Ekspozytor na ladę · 02";"Expositor de balcão · 02";"Tezgâh standı · 02"
"home.counter.item2.title";"Homepage · Toonbankpresentatie · item 2 · titel";"true";"De kom XL";"Le Bol XL";"The Bowl XL";"Die Schüssel XL";"El Cuenco XL";"Miska XL";"A Tigela XL";"Kase XL"
"home.counter.item2.description";"Homepage · Toonbankpresentatie · item 2 · beschrijving";"true";"Zes glazen schalen met gepreserveerde rozen en gipskruid, opgesteld als één complete toonbankpresentatie.";"Six bols en verre de roses et de gypsophiles préservées, disposés comme une présentation complète au comptoir.";"Six glass bowls of preserved roses and gypsophila, arranged as one complete retail-counter presentation.";"Sechs Glasschalen mit konservierten Rosen und Schleierkraut, arrangiert als eine komplette Verkaufsthekenpräsentation.";"Seis cuencos de vidrio con rosas preservadas y gypsophila, dispuestos como una presentación completa para mostrador minorista.";"Sześć szklanych miseczek ze stabilizowanymi różami i gipsówką, ustawionych w jednym kompletnym ekspozytorze na ladę.";"Seis taças de vidro com rosas preservadas e gipsófila, dispostas como uma apresentação completa no balcão de retalho.";"Tam bir perakende satış tezgahı sunumu olarak düzenlenmiş, korunmuş güller ve cipsofilyalardan oluşan altı cam kase."
"home.counter.item2.imageAlt";"Homepage · Toonbankpresentatie · item 2 · alternatieve fototekst";"true";"Bowl XL toonbankdisplay met zes glazen schalen met gepreserveerde rozen";"Présentoir de comptoir Bowl XL avec six bols en verre de roses préservées";"Bowl XL counter display with six glass bowls of preserved roses";"Bowl XL Thekendisplay mit sechs Glasschalen mit konservierten Rosen";"Expositor de mostrador Bowl XL con seis cuencos de cristal de rosas preservadas";"Ekspozytor na ladę Bowl XL z sześcioma szklanymi miskami ze stabilizowanymi różami";"Expositor de balcão Bowl XL com seis taças de vidro de rosas preservadas";"Korunmuş güller içeren altı cam kaseli Bowl XL tezgâh standı"
"home.counter.item3.eyebrow";"Homepage · Toonbankpresentatie · item 3 · bovenlabel";"true";"Toonbankdisplay · 03";"Présentoir de comptoir · 03";"Counter display · 03";"Thekendisplay · 03";"Expositor de mostrador · 03";"Ekspozytor na ladę · 03";"Expositor de balcão · 03";"Tezgâh standı · 03"
"home.counter.item3.title";"Homepage · Toonbankpresentatie · item 3 · titel";"true";"12 steelrozen";"12 roses sur tige";"12 Stem Roses";"12 Stielrosen";"12 rosas de tallo";"12 róż na łodydze";"12 rosas com caule";"12 saplı gül"
"home.counter.item3.description";"Homepage · Toonbankpresentatie · item 3 · beschrijving";"true";"Twaalf steelrozen in één display, met rode, roze, blauwe en witte varianten in de collectie.";"Douze roses à tige dans un présentoir, avec des variantes rouges, roses, bleues et blanches dans la collection.";"Twelve stem roses in one display, with red, pink, blue and white variants in the collection.";"Zwölf Stielrosen in einem Display, mit roten, rosa, blauen und weißen Varianten in der Kollektion.";"Doce rosas de tallo en un solo expositor, con variantes en rojo, rosa, azul y blanco en la colección.";"Dwanaście róż na łodygach w jednym ekspozytorze, w kolekcji w wariantach czerwonym, różowym, niebieskim i białym.";"Doze rosas com caule num único expositor, com variantes vermelha, rosa, azul e branca na coleção.";"Koleksiyondaki kırmızı, pembe, mavi ve beyaz seçenekleriyle on iki saplı gül tek bir teşhir standında."
"home.counter.item3.imageAlt";"Homepage · Toonbankpresentatie · item 3 · alternatieve fototekst";"true";"Toonbankdisplay met twaalf gepresenteerde steelrozen";"Présentoir de comptoir contenant douze roses à tige présentées";"Counter display holding twelve presented stem roses";"Thekendisplay mit zwölf präsentierten Stielrosen";"Expositor de mostrador con doce rosas de tallo";"Ekspozytor na ladę mieszczący dwanaście prezentowanych róż łodygowych";"Expositor de balcão com doze rosas com caule";"On iki saplı gül içeren tezgâh teşhir standı"
"home.flowerbox.tagPrefix";"Homepage · Flowerbox · Collectievoorvoegsel";"true";"De";"Le";"The";"Die";"El";"Kolekcja";"O";"Koleksiyon"
"home.flowerbox.tagName";"Homepage · Flowerbox · Collectienaam";"true";"Flowerboxes";"Flowerboxes";"Flowerboxes";"Flowerboxen";"Flowerboxes";"Flowerboxy";"Flowerboxes";"Flowerboxlar"
"home.flowerbox.line1";"Homepage · Flowerbox · Tekstregel 1";"true";"Een hart van rozen,
achter glas.";"Un cœur de roses,
derrière une vitre.";"A heart of roses,
behind glass.";"Ein Herz aus Rosen,
hinter Glas.";"Un corazón de rosas,
detrás de un cristal.";"Serce z róż,
za szkłem.";"Um coração de rosas,
atrás de um vidro.";"Camın arkasında
güllerden bir kalp."
"home.flowerbox.line2";"Homepage · Flowerbox · Tekstregel 2";"true";"Kenmerkend lint.
Spiegelafwerking.";"Ruban signature.
Finition miroir.";"Signature ribbon.
Mirror finish.";"Signaturband.
Spiegelglanz.";"Cinta distintiva.
Acabado espejo.";"Charakterystyczna wstążka.
Lustrzane wykończenie.";"Fita exclusiva.
Acabamento espelhado.";"İmza kurdelesi.
Ayna yüzey."
"home.flowerbox.line3";"Homepage · Flowerbox · Tekstregel 3";"true";"Vierkant, hart of compact —
klaar vanaf één doos.";"Carrée, cœur ou compacte —
disponible dès un carton.";"Square, heart or compact —
ready from one carton.";"Quadratisch, herzförmig oder kompakt —
bereits ab einem Karton.";"Cuadrada, corazón o compacta —
disponible desde una caja.";"Kwadratowa, serce lub kompaktowa —
dostępna już od jednego kartonu.";"Quadrada, coração ou compacta —
disponível a partir de uma caixa.";"Kare, kalp veya kompakt —
tek kartondan itibaren hazır."
"home.flowerbox.item1.title";"Homepage · Flowerbox · item 1 · titel";"true";"Glass Flowerbox";"Glass Flowerbox";"Glass Flowerbox";"Glass Flowerbox";"Glass Flowerbox";"Glass Flowerbox";"Glass Flowerbox";"Glass Flowerbox"
"home.flowerbox.item1.description";"Homepage · Flowerbox · item 1 · beschrijving";"true";"Acryllijst · hart van gepreserveerde rozen · kenmerkend lint";"Cadre acrylique · coeur de roses préservées · ruban signature";"Acrylic frame · heart of preserved roses · signature ribbon";"Acrylrahmen · Herz aus konservierten Rosen · Signaturband";"Marco acrílico · corazón de rosas preservadas · cinta distintiva";"Ramka akrylowa · serce z stabilizowanych róż · charakterystyczna wstążka";"Moldura em acrílico · coração de rosas preservadas · fita exclusiva";"Akrilik çerçeve · korunmuş gül kalbi · özel şerit"
"home.flowerbox.item1.imageAlt";"Homepage · Flowerbox · item 1 · alternatieve fototekst";"true";"Glazen flowerbox met een hart van rode gepreserveerde rozen";"Boîte florale en verre avec un cœur de roses rouges préservées";"Glass flowerbox with a heart of red preserved roses";"Flowerbox aus Glas mit einem Herz aus roten konservierten Rosen";"Caja floral de cristal con un corazón de rosas rojas preservadas";"Szklane pudełko kwiatowe z sercem z czerwonych stabilizowanych róż";"Flowerbox de vidro com um coração de rosas vermelhas preservadas";"Kırmızı korunmuş gül kalpli cam çiçek kutusu"
"home.flowerbox.item2.title";"Homepage · Flowerbox · item 2 · titel";"true";"Heart Flowerbox";"Heart Flowerbox";"Heart Flowerbox";"Heart Flowerbox";"Heart Flowerbox";"Heart Flowerbox";"Heart Flowerbox";"Heart Flowerbox"
"home.flowerbox.item2.description";"Homepage · Flowerbox · item 2 · beschrijving";"true";"Hartvormig acryl · zestien rozen · spiegelafwerking";"Acrylique en forme de coeur · seize roses · finition miroir";"Heart-shaped acrylic · sixteen roses · mirror finish";"Herzförmiges Acryl · sechzehn Rosen · Spiegelglanz";"Acrílico en forma de corazón · dieciséis rosas · acabado espejo";"Akryl w kształcie serca · szesnaście róż · lustrzane wykończenie";"Acrílico em forma de coração · dezasseis rosas · acabamento espelhado";"Kalp şeklinde akrilik · on altı gül · ayna kaplama"
"home.flowerbox.item2.imageAlt";"Homepage · Flowerbox · item 2 · alternatieve fototekst";"true";"Hartvormige glazen flowerbox met gepreserveerde rozen";"Boîte florale en verre en forme de cœur avec des roses préservées";"Heart-shaped glass flowerbox with preserved roses";"Herzförmige Flowerbox aus Glas mit konservierten Rosen";"Caja floral de cristal en forma de corazón con rosas preservadas";"Szklane pudełko kwiatowe w kształcie serca ze stabilizowanymi różami";"Flowerbox de vidro em forma de coração com rosas preservadas";"Korunmuş güllerle kalp şeklinde cam çiçek kutusu"
"home.flowerbox.item3.title";"Homepage · Flowerbox · item 3 · titel";"true";"9 Rose Flowerbox";"9 Rose Flowerbox";"9 Rose Flowerbox";"9 Rose Flowerbox";"9 Rose Flowerbox";"9 Rose Flowerbox";"9 Rose Flowerbox";"9 Rose Flowerbox"
"home.flowerbox.item3.description";"Homepage · Flowerbox · item 3 · beschrijving";"true";"Negen gepreserveerde rozen · helder acryldeksel · compact winkelformaat";"Neuf roses préservées · couvercle en acrylique transparent · format de vente au détail compact";"Nine preserved roses · clear acrylic lid · compact retail format";"Neun konservierte Rosen · Klarer Acryldeckel · Kompaktes Einzelhandelsformat";"Nueve rosas preservadas · tapa acrílica transparente · formato minorista compacto";"Dziewięć stabilizowanych róż · Przezroczysta akrylowa pokrywa · Kompaktowy format do sprzedaży detalicznej";"Nove rosas preservadas · tampa de acrílico transparente · formato compacto de retalho";"Dokuz korunmuş gül · şeffaf akrilik kapak · kompakt perakende formatı"
"home.flowerbox.item3.imageAlt";"Homepage · Flowerbox · item 3 · alternatieve fototekst";"true";"Negen gepreserveerde rode rozen in een vierkante acryl flowerbox";"Neuf roses rouges préservées dans une boîte florale carrée en acrylique";"Nine preserved red roses in a square acrylic flowerbox";"Neun konservierte rote Rosen in einer quadratischen Flowerbox aus Acryl";"Nueve rosas rojas preservadas en una caja floral cuadrada de acrílico";"Dziewięć stabilizowanych czerwonych róż w kwadratowym akrylowym pudełku kwiatowym";"Nove rosas vermelhas preservadas numa flowerbox quadrada de acrílico";"Kare akrilik çiçek kutusunda dokuz adet korunmuş kırmızı gül"
"home.occasion.label";"Homepage · Gelegenheden · bovenlabel";"true";"Gemaakt voor elk moment";"Pensé pour chaque occasion";"Made for the moment";"Für besondere Momente";"Hecho para cada ocasión";"Stworzone na każdą okazję";"Feito para cada ocasião";"Her ana özel"
"home.occasion.title";"Homepage · Gelegenheden · titel";"true";"Een klein gebaar.";"Un petit geste.";"A small gesture.";"Eine kleine Geste.";"Un pequeño gesto.";"Mały gest.";"Um pequeno gesto.";"Küçük bir jest."
"home.occasion.titleEmphasis";"Homepage · Gelegenheden · titelaccent";"true";"Een blijvende indruk.";"Une impression durable.";"A lasting impression.";"Ein bleibender Eindruck.";"Una impresión duradera.";"Niezatarte wrażenie.";"Uma impressão duradoura.";"Kalıcı bir izlenim."
"home.occasion.intro";"Homepage · Gelegenheden · inleiding";"true";"Een compacte, winkelklare cadeauselectie voor bedankjes, openingen, vieringen en spontane momenten — zodat elke toonbank eenvoudig inspeelt op iedere gelegenheid.";"Une sélection cadeau concise et prête pour la vente, pensée pour les remerciements, ouvertures, célébrations et attentions spontanées — afin que chaque comptoir réponde facilement à toutes les occasions.";"A concise, retail-ready gifting edit for thank-yous, openings, celebrations and just-because moments—created to give every counter an easy occasion story.";"Eine kompakte, verkaufsfertige Geschenkauswahl für Dankeschöns, Eröffnungen, Feiern und spontane Aufmerksamkeiten — damit jede Theke für jeden Anlass gerüstet ist.";"Una selección de regalos concisa y lista para la venta, pensada para agradecimientos, inauguraciones, celebraciones y detalles espontáneos — para que cada mostrador responda fácilmente a cualquier ocasión.";"Zwięzła, gotowa do sprzedaży kolekcja prezentowa na podziękowania, otwarcia, uroczystości i spontaniczne gesty — dzięki niej każda lada odpowiada na różne okazje.";"Uma seleção de presentes concisa e pronta para venda, pensada para agradecimentos, inaugurações, celebrações e gestos espontâneos — para que cada balcão responda facilmente a qualquer ocasião.";"Teşekkürler, açılışlar, kutlamalar ve içten gelen jestler için satışa hazır, özenli bir hediye seçkisi — her tezgâhın her ana kolayca yanıt vermesi için."
"home.occasion.swipe";"Homepage · Gelegenheden · swipehint";"true";"Swipe door de cadeauselectie";"Faites défiler la sélection cadeau";"Swipe the gifting edit";"Durch die Geschenkauswahl wischen";"Desliza por la selección de regalos";"Przesuń, aby zobaczyć prezenty";"Deslize pela seleção de presentes";"Hediye seçkisinde kaydırın"
"home.occasion.listAria";"Homepage · Gelegenheden · toegankelijkheidslabel van lijst";"true";"Cadeauproducten";"Produits cadeaux";"Gifting products";"Geschenkartikel";"Productos para regalar";"Produkty na prezent";"Produtos para oferecer";"Hediyelik ürünler"
"home.occasion.cardEyebrow";"Homepage · Gelegenheden · Bovenlabel op kaart";"true";"Retailgeschenken";"Cadeaux au détail";"Retail gifting";"Einzelhandelsgeschenke";"Regalos al por menor";"Prezenty do sprzedaży detalicznej";"Presentes para retalho";"Perakende hediyelik eşya"
"home.occasion.item1.description";"Homepage · Gelegenheden · item 1 · beschrijving";"true";"Een verzorgd geschenk met één roos en een spiegelende presentatie, ideaal voor doordachte, compacte winkelpresentaties.";"Un cadeau raffiné composé d’une seule rose, avec une présentation réfléchissante adaptée aux petits espaces de vente soignés.";"A polished single-rose gift with a reflective presentation for considered, compact displays.";"Ein edles Geschenk mit einer einzelnen Rose und spiegelnder Präsentation für durchdachte, kompakte Verkaufsflächen.";"Un regalo refinado de una sola rosa, con una presentación reflectante para exposiciones compactas y cuidadas.";"Elegancki upominek z jedną różą i lustrzanym wykończeniem, odpowiedni do przemyślanych, kompaktowych ekspozycji.";"Um presente requintado com uma única rosa e uma apresentação espelhada, ideal para exposições compactas e cuidadas.";"Tek güllü, aynalı ve zarif bir hediye; özenli, kompakt teşhirler için idealdir."
"home.occasion.item1.imageAlt";"Homepage · Gelegenheden · item 1 · alternatieve fototekst";"true";"Roos gepresenteerd in een gespiegelde geschenkdoos";"Rose présentée dans un coffret cadeau miroir";"Rose presented on a mirrored gift box";"Rose präsentiert in einer verspiegelten Geschenkbox";"Rosa presentada en una caja de regalo con espejo.";"Róża prezentowana w lustrzanym pudełku prezentowym";"Rosa apresentada numa caixa de presente espelhada";"Gül aynalı bir hediye kutusunda sunuluyor"
"home.occasion.item2.description";"Homepage · Gelegenheden · item 2 · beschrijving";"true";"Een heldere presentatie die de roos centraal stelt in een eenvoudig en veelzijdig cadeau.";"Une présentation claire qui place la rose au cœur d’un cadeau simple et polyvalent.";"A clear presentation that keeps the rose at the centre of an easy, versatile gifting edit.";"Eine klare Präsentation, bei der die Rose im Mittelpunkt einer einfachen, vielseitigen Geschenkauswahl steht.";"Una presentación clara que sitúa la rosa en el centro de un regalo sencillo y versátil.";"Przejrzysta prezentacja, która stawia różę w centrum prostego i uniwersalnego upominku.";"Uma apresentação transparente que mantém a rosa em destaque num presente versátil e fácil de oferecer.";"Gülü kolay, çok yönlü bir hediye düzenlemesinin merkezinde tutan net bir sunum."
"home.occasion.item2.imageAlt";"Homepage · Gelegenheden · item 2 · alternatieve fototekst";"true";"Gepreserveerde roos weergegeven in een heldere plexibox";"Rose préservée présentée dans une boîte en plexi transparent";"Preserved rose displayed in a clear plexibox";"Konservierte Rose in einer durchsichtigen Plexibox";"Rosa preservada presentada en una caja de plexi transparente.";"Stabilizowana róża eksponowana w przezroczystym plexiboxie";"Rosa preservada apresentada numa caixa transparente";"Korunmuş gül şeffaf pleksi kutuda sergileniyor"
"home.occasion.item3.description";"Homepage · Gelegenheden · item 3 · beschrijving";"true";"Een gedurfder silhouet voor gelegenheden die vragen om een expressiever rozencadeau.";"Une silhouette plus audacieuse pour les occasions qui appellent un cadeau floral plus expressif.";"A bolder silhouette for the occasions that call for a more expressive rose gift.";"Eine gewagtere Silhouette für Anlässe, die ein ausdrucksstärkeres Rosengeschenk erfordern.";"Una silueta más atrevida para las ocasiones que requieren un regalo de rosas más expresivo.";"Odważniejsza sylwetka na okazje, które wymagają bardziej wyrazistego prezentu w postaci róż.";"Uma silhueta mais ousada para ocasiões que pedem um presente floral mais expressivo.";"Daha etkileyici bir gül hediyesi gerektiren durumlar için daha cesur bir siluet."
"home.occasion.item3.imageAlt";"Homepage · Gelegenheden · item 3 · alternatieve fototekst";"true";"Gepreserveerde roos in een XL ruitvormige display";"Rose préservée dans un présentoir XL en forme de diamant";"Preserved rose in an XL diamond-shaped display";"Konservierte Rose in einem rautenförmigen XL-Display";"Rosa preservada en un expositor XL en forma de diamante";"Stabilizowana róża w displayu w kształcie rombu XL";"Rosa preservada em expositor XL em forma de diamante";"XL elmas biçimli teşhir kutusunda korunmuş gül"
"home.soap.label";"Homepage · Zeeprozen · bovenlabel";"true";"Zeep- en schuimrozen";"Roses en savon et en mousse";"Soap & foam roses";"Seifen- und Schaumrosen";"Rosas de jabón y espuma";"Róże mydlane i piankowe";"Rosas de sabão e espuma";"Sabun ve köpük gülleri"
"home.soap.title";"Homepage · Zeeprozen · titel";"true";"Het uiterlijk van een roos.";"L'apparence d'une rose.";"The look of a rose.";"Das Aussehen einer Rose.";"La apariencia de una rosa.";"Wygląd róży.";"A aparência de uma rosa.";"Gül görünümü."
"home.soap.titleEmphasis";"Homepage · Zeeprozen · titelaccent";"true";"Gemaakt om cadeau te doen.";"Fabriqué pour offrir.";"Made to gift.";"Zum Verschenken gemacht.";"Hecho para regalar.";"Wykonane na prezent.";"Feito para oferecer.";"Hediye etmek için üretildi."
"home.soap.intro";"Homepage · Zeeprozen · inleiding";"true";"Zachte bloemblaadjes, doordachte verpakkingen en geen onderhoud. Een cadeauklare collectie die er van magazijn tot toonbank verzorgd blijft uitzien.";"Des pétales doux, un emballage soigné et aucun entretien. Une collection prête à offrir qui conserve toute sa présentation, de la réserve au comptoir.";"Soft petals, considered packaging and no maintenance. A gift-ready collection that keeps its presentation from stockroom to counter.";"Weiche Blütenblätter, durchdachte Verpackung und kein Pflegeaufwand. Eine geschenkfertige Kollektion, die vom Lager bis zur Theke ansprechend präsentiert bleibt.";"Pétalos suaves, embalaje cuidado y sin mantenimiento. Una colección lista para regalar que conserva su presentación desde el almacén hasta el mostrador.";"Miękkie płatki, przemyślane opakowanie i brak pielęgnacji. Gotowa na prezent kolekcja, która zachowuje świetną prezentację od magazynu po ladę.";"Pétalas suaves, embalagem cuidada e sem manutenção. Uma coleção pronta a oferecer que mantém a apresentação desde o armazém até ao balcão.";"Yumuşak yapraklar, özenli ambalaj ve bakım gerektirmeyen kullanım. Depodan tezgâha kadar sunumunu koruyan, hediyeye hazır bir koleksiyon."
"home.soap.item1.label";"Homepage · Zeeprozen · item 1 · bovenlabel";"true";"01 · Geschenkdoos met venster";"01 · Boîte cadeau vitrine";"01 · Window box";"01 · Geschenkbox mit Sichtfenster";"01 · Caja regalo con ventana";"01 · Pudełko prezentowe z okienkiem";"01 · Caixa de presente com janela";"01 · Pencereli hediye kutusu"
"home.soap.item1.title";"Homepage · Zeeprozen · item 1 · titel";"true";"Eén steel.";"Une tige.";"One stem.";"Ein Stiel.";"Un tallo.";"Jedna łodyga.";"Uma haste.";"Tek dal."
"home.soap.item1.titleEmphasis";"Homepage · Zeeprozen · item 1 · titelaccent";"true";"Schapklaar.";"Prêt à être mis en rayon.";"Shelf-ready.";"Regalfertig.";"Listo para exponer.";"Gotowe na półkę.";"Pronto para a prateleira.";"Rafa hazır."
"home.soap.item1.imageAlt";"Homepage · Zeeprozen · item 1 · alternatieve fototekst";"true";"Enkele rode zeeproos in een lange zwarte Enrosed geschenkverpakking met venster";"Rose de savon rouge unique dans une longue boîte cadeau à fenêtre noire Enrosed";"Single red soap rose in a long black Enrosed window gift box";"Einzelne rote Seifenrose in einer langen schwarzen Geschenkbox mit Enrosed-Fenster";"Una rosa de jabón roja en una caja de regalo con ventana larga y negra Enrosed";"Pojedyncza czerwona róża mydlana w długim czarnym pudełku upominkowym z okienkiem Enrosed";"Uma rosa de sabão vermelha numa caixa de presente Enrosed comprida, preta e com janela";"Uzun siyah Enrosed pencereli hediye kutusunda tek kırmızı sabun gülü"
"home.soap.note.label";"Homepage · Zeeprozen · Verzorgingsnotitie · bovenlabel";"true";"Ontworpen om cadeau te geven";"Conçu pour offrir";"Designed for gifting";"Zum Verschenken konzipiert";"Diseñado para regalar";"Zaprojektowany z myślą o prezentach";"Concebido para oferecer";"Hediye vermek için tasarlandı"
"home.soap.note.title";"Homepage · Zeeprozen · Verzorgingsnotitie · titel";"true";"Zacht aanvoelende bloemblaadjes.";"Pétales doux au toucher.";"Soft-touch petals.";"Soft-Touch-Blütenblätter.";"Pétalos de tacto suave.";"Płatki miękkie w dotyku.";"Pétalas de toque suave.";"Yumuşak dokunuşlu yapraklar."
"home.soap.note.titleEmphasis";"Homepage · Zeeprozen · Verzorgingsnotitie · titelaccent";"true";"Een gepolijste afwerking.";"Une finition polie.";"A polished finish.";"Eine polierte Oberfläche.";"Un acabado pulido.";"Polerowane wykończenie.";"Um acabamento polido.";"Parlak bir yüzey."
"home.soap.note.description";"Homepage · Zeeprozen · Verzorgingsnotitie · beschrijving";"true";"Drie compacte formaten brengen kleur, textuur en een premium uitpakmoment voor bloemisten, cadeauwinkels en seizoensdisplays.";"Trois formats compacts apportent de la couleur, de la texture et un moment de déballage haut de gamme aux fleuristes, aux magasins de cadeaux et aux présentoirs saisonniers.";"Three compact formats bring colour, texture and a premium unboxing moment to florists, gift stores and seasonal retail displays.";"Drei kompakte Formate verbinden Farbe, Textur und ein hochwertiges Auspackerlebnis – für Floristikgeschäfte, Geschenkeläden und saisonale Verkaufsdisplays.";"Tres formatos compactos aportan color, textura y una experiencia de desembalaje premium a floristerías, tiendas de regalos y expositores de temporada.";"Trzy kompaktowe formaty łączą kolor, fakturę i efektowne otwieranie opakowania — z myślą o kwiaciarniach, sklepach z upominkami i sezonowych ekspozycjach detalicznych.";"Três formatos compactos trazem cor, textura e um momento de desembalamento premium para floristas, lojas de presentes e expositores sazonais de retalho.";"Üç kompakt format, çiçekçilere, hediyelik eşya mağazalarına ve sezonluk perakende vitrinlerine renk, doku ve birinci sınıf bir kutu açma anı getiriyor."
"home.soap.note.benefitsAria";"Homepage · Zeeprozen · Verzorgingsnotitie · toegankelijkheidslabel van voordelen";"true";"Retailvoordelen van zeeprozen";"Avantages des roses en savon pour le commerce";"Soap rose retail benefits";"Verkaufsvorteile von Seifenrosen";"Ventajas comerciales de las rosas de jabón";"Zalety róż mydlanych w sprzedaży";"Vantagens comerciais das rosas de sabão";"Sabun güllerinin satış avantajları"
"home.soap.note.benefit1";"Homepage · Zeeprozen · Verzorgingsnotitie · voordeel 1";"true";"Geen water of dagelijkse verzorging";"Pas d'eau ni d'entretien quotidien";"No water or daily care";"Kein Wasser oder tägliche Pflege";"Sin agua ni cuidados diarios";"Bez wody i codziennej pielęgnacji";"Sem água ou cuidados diários";"Su veya günlük bakım yok"
"home.soap.note.benefit2";"Homepage · Zeeprozen · Verzorgingsnotitie · voordeel 2";"true";"Cadeauklare presentatie";"Présentation prête à offrir";"Gift-ready presentation";"Geschenkfertige Präsentation";"Presentación lista para regalar";"Prezentacja gotowa na prezent";"Apresentação pronta para oferta";"Hediyeye hazır sunum"
"home.soap.note.benefit3";"Homepage · Zeeprozen · Verzorgingsnotitie · voordeel 3";"true";"Gemakkelijk te verkopen";"Facile à commercialiser";"Easy to merchandise";"Einfach zu vermarkten";"Fácil de comercializar";"Łatwy w sprzedaży";"Fácil de expor";"Kolay satış"
"home.soap.item2.label";"Homepage · Zeeprozen · item 2 · bovenlabel";"true";"02 · Presentatiekubus";"02 · Cube de présentation";"02 · Presentation cube";"02 · Präsentationswürfel";"02 · Cubo de presentación";"02 · Kostka prezentacyjna";"02 · Cubo de apresentação";"02 · Sunum küpü"
"home.soap.item2.title";"Homepage · Zeeprozen · item 2 · titel";"true";"Vrij zicht.";"Vue dégagée.";"Clear view.";"Klare Sicht.";"Vista clara.";"Wyraźny widok.";"Visão clara.";"Net görünüm."
"home.soap.item2.titleEmphasis";"Homepage · Zeeprozen · item 2 · titelaccent";"true";"Direct cadeau.";"Cadeau instantané.";"Instant gift.";"Sofortgeschenk.";"Regalo instantáneo.";"Natychmiastowy prezent.";"Presente instantâneo.";"Anında hediye."
"home.soap.item2.imageAlt";"Homepage · Zeeprozen · item 2 · alternatieve fototekst";"true";"Enkele rode zeeproos in een heldere Enrosed presentatiekubus";"Rose de savon rouge unique dans un cube de présentation transparent Enrosed";"Single red soap rose in a clear Enrosed presentation cube";"Einzelne rote Seifenrose in einem klaren Enrosed Präsentationswürfel";"Una rosa de jabón roja en un cubo de presentación transparente Enrosed";"Pojedyncza czerwona róża mydlana w przezroczystej kostce prezentacyjnej Enrosed";"Uma rosa de sabão vermelha num cubo de apresentação transparente Enrosed";"Berrak Enrosed sunum küpünde tek kırmızı sabun gülü"
"home.soap.item3.label";"Homepage · Zeeprozen · item 3 · bovenlabel";"true";"03 · Zeeprozen met LED";"03 · Roses en savon avec LED";"03 · Soap roses with LED";"03 · Seifenrosen mit LED";"03 · Rosas de jabón con LED";"03 · Róże mydlane z diodą LED";"03 · Rosas de sabão com LED";"03 · LED'li sabun gülleri"
"home.soap.item3.title";"Homepage · Zeeprozen · item 3 · titel";"true";"Een vleugje licht, klaar voor verkoop.";"Une touche de lumière, prête à vendre.";"A little light, ready to sell.";"Ein Hauch von Licht, verkaufsfertig.";"Un toque de luz, listo para vender.";"Odrobina światła, gotowa do sprzedaży.";"Um toque de luz, pronto a vender.";"Bir ışık dokunuşu, satışa hazır."
"home.soap.item3.imageAlt";"Homepage · Zeeprozen · item 3 · alternatieve fototekst";"true";"Rode zeeprozen met warme LED-lampjes in een heldere koker";"Roses de savon rouges avec lumières LED chaudes dans un tube transparent";"Red soap roses with warm LED lights in a clear tube";"Rote Seifenrosen mit warmen LED-Lichtern in einer transparenten Röhre";"Rosas de jabón rojas con cálidas luces LED en un tubo transparente";"Czerwone róże mydlane z ciepłymi światłami LED w przezroczystej tubie";"Rosas de sabão vermelhas com luzes LED quentes num tubo transparente";"Şeffaf tüpte sıcak LED ışıklı kırmızı sabun gülleri"
"home.soap.item3.cta";"Homepage · Zeeprozen · item 3 · knoptekst";"true";"Bekijk het product";"Voir le produit";"View the product";"Sehen Sie sich das Produkt an";"Ver el producto";"Zobacz produkt";"Ver produto";"Ürünü görüntüle"
"home.catalog.aria";"Homepage · Collectie · toegankelijkheidslabel";"true";"Enrosed productcollectie";"Collection de produits Enrosed";"Enrosed product collection";"Enrosed Produktkollektion";"Colección de productos Enrosed";"Kolekcja produktów Enrosed";"Coleção de produtos Enrosed";"Enrosed ürün koleksiyonu"
"home.catalog.label";"Homepage · Collectie · bovenlabel";"true";"De volledige Enrosed-collectie";"La collection complète Enrosed";"The complete Enrosed collection";"Die komplette Enrosed-Sammlung";"La colección completa Enrosed";"Kompletna kolekcja Enrosed";"A coleção completa Enrosed";"Enrosed koleksiyonunun tamamı"
"home.catalog.title";"Homepage · Collectie · titel";"true";"Elke roos, klaar voor de detailhandel.";"Chaque rose, prête à être vendue au détail.";"Every rose, ready for retail.";"Jede Rose, bereit für den Verkauf.";"Cada rosa, lista para la venta al por menor.";"Każda róża gotowa do sprzedaży detalicznej.";"Todas as rosas, prontas para o retalho.";"Her gül perakende satış için hazır."
"home.catalog.intro";"Homepage · Collectie · inleiding";"true";"{productCount} producten in drie Enrosed-collecties, gepresenteerd voor handels- en groothandelsaanvragen.";"{productCount} produits répartis dans trois collections Enrosed, présentés pour les demandes professionnelles et de gros.";"{productCount} products across three Enrosed collections, presented for trade and wholesale enquiries.";"{productCount} Produkte in drei Enrosed-Kollektionen, präsentiert für Handels- und Großhandelsanfragen.";"{productCount} productos en tres colecciones Enrosed, presentados para consultas profesionales y mayoristas.";"{productCount} produktów w trzech kolekcjach Enrosed, przygotowanych z myślą o zapytaniach handlowych i hurtowych.";"{productCount} produtos em três coleções Enrosed, apresentados para pedidos profissionais e de comércio por grosso.";"Üç Enrosed koleksiyonunda {productCount} ürün; ticari ve toptan satış talepleri için sunulur."
"home.catalog.quoteCta";"Homepage · Collectie · offerteknop";"true";"Vraag een handelsofferte aan";"Demander un devis professionnel";"Request trade quote";"Handelsangebot anfragen";"Solicitar presupuesto profesional";"Poproś o ofertę handlową";"Pedir proposta comercial";"Ticari teklif isteyin"
"home.catalog.mobileLabel";"Homepage · Collectie · bovenlabel op mobiel";"true";"Groothandelsassortiment";"Gamme de gros";"Wholesale range";"Großhandelssortiment";"Gama mayorista";"Asortyment hurtowy";"Gama para grossistas";"Toptan ürün grubu"
"home.catalog.mobileTitle";"Homepage · Collectie · mobiele titel";"true";"Kies uw assortiment.";"Choisissez votre gamme.";"Choose your range.";"Wählen Sie Ihr Sortiment.";"Elija su gama.";"Wybierz swój asortyment.";"Escolha a sua gama.";"Ürün grubunuzu seçin."
"home.catalog.mobileIntro";"Homepage · Collectie · mobiele inleiding";"true";"Vergelijk {productCount} formaten per categorie. Op elke productpagina vindt u kleuren, presentatie en beschikbare specificaties.";"Comparez {productCount} formats par catégorie. Chaque page produit présente les couleurs, la présentation et les spécifications disponibles.";"Compare {productCount} formats by category. Each product page shows colours, presentation and available specifications.";"Vergleichen Sie {productCount} Formate nach Kategorie. Jede Produktseite zeigt Farben, Präsentation und verfügbare Spezifikationen.";"Compare {productCount} formatos por categoría. Cada página de producto muestra colores, presentación y especificaciones disponibles.";"Porównaj {productCount} formatów według kategorii. Każda strona produktu pokazuje kolory, sposób prezentacji i dostępne specyfikacje.";"Compare {productCount} formatos por categoria. Cada página de produto apresenta cores, apresentação e especificações disponíveis.";"{productCount} formatı kategoriye göre karşılaştırın. Her ürün sayfası renkleri, sunumu ve mevcut özellikleri gösterir."
"home.catalog.mobileBrowseAria";"Homepage · Collectie · toegankelijkheidslabel van mobiele lijst";"true";"Blader door de volledige productcategorieën";"Parcourir toutes les catégories de produits";"Browse the full product categories";"Durchsuchen Sie die vollständigen Produktkategorien";"Explora todas las categorías de productos";"Przeglądaj pełne kategorie produktów";"Navegue pelas categorias completas de produtos";"Tüm ürün kategorilerine göz atın"
"home.catalog.mobileCategoryMeta";"Homepage · Collectie · mobiele categoriemeta";"true";"Aantal producten: {count}";"Nombre de produits : {count}";"{count} products";"Produkte: {count}";"Productos: {count}";"Liczba produktów: {count}";"Produtos: {count}";"Ürün sayısı: {count}"
"home.catalog.mobileCategoryPreviewMeta";"Homepage · Collectie · mobiele previewmeta";"true";"Preview: {option} · Producten: {count}";"Aperçu : {option} · Produits : {count}";"{option} preview · {count} products";"Vorschau: {option} · Produkte: {count}";"Vista previa: {option} · Productos: {count}";"Podgląd: {option} · Liczba produktów: {count}";"Pré-visualização: {option} · Produtos: {count}";"{option} önizlemesi · Ürün sayısı: {count}"
"home.catalog.mobileAllCta";"Homepage · Collectie · mobiele alle-productenknop";"true";"Bekijk alle {count} producten";"Voir les {count} produits";"View all {count} products";"Alle {count} Produkte anzeigen";"Ver los {count} productos";"Zobacz wszystkie produkty ({count})";"Ver os {count} produtos";"{count} ürünün tümünü görüntüle"
"home.catalog.viewProductPageAria";"Homepage · Collectie · toegankelijkheidslabel voor productpagina";"true";"Bekijk de productpagina van {product}";"Voir la page produit {product}";"View {product} product page";"Produktseite {product} anzeigen";"Ver página de producto {product}";"Wyświetl stronę produktu {product}";"Ver página do produto {product}";"{product} ürün sayfasını görüntüle"
"home.catalog.viewProductDetailsAria";"Homepage · Collectie · toegankelijkheidslabel voor productdetails";"true";"Bekijk {product}-details";"Afficher les détails de {product}";"View {product} details";"Details zu {product} anzeigen";"Ver detalles de {product}";"Wyświetl szczegóły {product}";"Ver detalhes de {product}";"{product} ayrıntılarını görüntüle"
"home.catalog.swipe";"Homepage · Collectie · swipehint";"true";"Veeg om te verkennen";"Faites glisser pour explorer";"Swipe to explore";"Zum Erkunden wischen";"Desliza para explorar";"Przesuń, aby eksplorować";"Deslize para explorar";"Keşfetmek için kaydırın"
"home.catalog.options";"Homepage · Collectie · opties";"true";"Opties: {options}";"Options  : {options}";"Options: {options}";"Optionen: {options}";"Opciones: {options}";"Opcje: {options}";"Opções: {options}";"Seçenekler: {options}"
"home.catalog.colourDirections";"Homepage · Collectie · Kleurrichtingen";"true";"Kleurrichting: {colours}";"Sens des couleurs : {colours}";"Colour directions: {colours}";"Farbrichtungen: {colours}";"Direcciones de color: {colours}";"Kierunki kolorów: {colours}";"Direções de cor: {colours}";"Renk yönleri: {colours}"
"home.catalog.coloursOnRequest";"Homepage · Collectie · kleuren op aanvraag";"true";"Kleuren en beschikbaarheid op aanvraag";"Coloris et disponibilité sur demande";"Colours and availability on request";"Farben und Verfügbarkeit auf Anfrage";"Colores y disponibilidad bajo petición";"Kolory i dostępność na zamówienie";"Cores e disponibilidade sob consulta";"Renkler ve stok durumu istek üzerine"
"home.catalog.previewOption";"Homepage · Collectie · optiepreview";"true";"Preview-optie";"Option d'aperçu";"Preview option";"Vorschauoption";"Opción de vista previa";"Opcja podglądu";"Opção de pré-visualização";"Önizleme seçeneği"
"home.catalog.previewColour";"Homepage · Collectie · kleurpreview";"true";"Voorbeeldkleur";"Couleur d'aperçu";"Preview colour";"Vorschau der Farbe";"Vista previa del color";"Podgląd koloru";"Pré-visualização da cor";"Önizleme rengi"
"home.catalog.previewOptionAria";"Homepage · Collectie · toegankelijkheidslabel van optiepreview";"true";"Voorbeeld {product}: {option}";"Aperçu {product} : {option}";"Preview {product}: {option}";"Vorschau {product}: {option}";"Vista previa {product}: {option}";"Podgląd {product}: {option}";"Pré-visualizar {product}: {option}";"Önizleme {product}: {option}"
"home.catalog.previewColourAria";"Homepage · Collectie · toegankelijkheidslabel van kleurpreview";"true";"Voorbeeld van {product} in {colour}";"Aperçu de {product} dans {colour}";"Preview {product} in {colour}";"Vorschau {product} in {colour}";"Vista previa {product} en {colour}";"Podgląd {product} w {colour}";"Pré-visualizar {product} em {colour}";"{product} için {colour} renk önizlemesi"
"home.catalog.showing";"Homepage · Collectie · getoonde selectie";"true";"Toont {label}";"affichant {label}";"Showing {label}";"Zeigt {label}";"Mostrando {label}";"Wyświetlanie {label}";"A apresentar {label}";"{label} gösteriliyor"
"home.catalog.chooseOption";"Homepage · Collectie · optie kiezen";"true";"Kies een optie";"Choisissez une option";"Choose an option";"Wählen Sie eine Option";"Elige una opción";"Wybierz opcję";"Escolha uma opção";"Bir seçenek belirleyin"
"home.catalog.chooseColour";"Homepage · Collectie · kleur kiezen";"true";"Kies een kleur";"Choisissez une couleur";"Choose a colour";"Wählen Sie eine Farbe";"Elige un color";"Wybierz kolor";"Escolha uma cor";"Bir renk seçin"
"home.catalog.loading";"Homepage · Collectie · laadmelding";"true";"{label} wordt geladen";"Chargement {label}";"Loading {label}";"{label} wird geladen";"Cargando {label}";"Ładowanie {label}";"A carregar {label}";"Yükleniyor {label}"
"home.catalog.previewUnavailable";"Homepage · Collectie · preview niet beschikbaar";"true";"{label} voorbeeld niet beschikbaar";"Aperçu de {label} indisponible";"{label} preview unavailable";"{label} Vorschau nicht verfügbar";"Vista previa de {label} no disponible";"Podgląd {label} jest niedostępny";"Pré-visualização de {label} indisponível";"{label} önizleme kullanılamıyor"
"home.retail.label";"Homepage · Retailkanalen · bovenlabel";"true";"Detailhandel met veel verkeer";"Commerce de détail à fort trafic";"High-traffic retail";"Stark frequentierter Einzelhandel";"Comercio minorista de alto tráfico";"Handel detaliczny o dużym natężeniu ruchu";"Retalho de alto tráfego";"Yüksek trafikli perakende"
"home.retail.title";"Homepage · Retailkanalen · titel";"true";"Drie verkoopplekken.";"Trois points de vente.";"Three places.";"Drei Verkaufsorte.";"Tres puntos de venta.";"Trzy miejsca sprzedaży.";"Três pontos de venda.";"Üç satış noktası."
"home.retail.titleEmphasis";"Homepage · Retailkanalen · titelaccent";"true";"Eén toonbankklare oplossing.";"Une solution prête pour le comptoir.";"One counter-ready answer.";"Eine verkaufsfertige Lösung.";"Una solución lista para el mostrador.";"Jedno rozwiązanie gotowe na ladę.";"Uma solução pronta para o balcão.";"Tezgâha hazır tek çözüm."
"home.retail.intro";"Homepage · Retailkanalen · inleiding";"true";"Geselecteerde Enrosed-displays passen goed in drukke retailomgevingen waar klanten vaak ter plekke een betekenisvol cadeau zoeken.";"Certains présentoirs Enrosed conviennent aux espaces de vente très fréquentés, où les clients recherchent souvent sur place un cadeau qui a du sens.";"Selected Enrosed displays can suit busy retail environments where customers often need a meaningful gift on the spot.";"Ausgewählte Enrosed-Displays eignen sich für stark frequentierte Verkaufsumgebungen, in denen Kunden oft direkt vor Ort ein besonderes Geschenk suchen.";"Algunos expositores Enrosed son ideales para espacios comerciales concurridos, donde los clientes suelen buscar un regalo especial en el momento.";"Wybrane ekspozytory Enrosed sprawdzą się w ruchliwych punktach sprzedaży, w których klienci często szukają na miejscu wyjątkowego prezentu.";"Alguns expositores Enrosed são adequados a espaços de retalho movimentados, onde os clientes procuram frequentemente um presente especial para levar no momento.";"Seçili Enrosed stantları, müşterilerin çoğu zaman o anda anlamlı bir hediye aradığı yoğun perakende ortamları için uygundur."
"home.retail.imageCaption";"Homepage · Retailkanalen · Fotobijschrift";"true";"Illustratieve winkelomgeving";"Cadre de vente au détail illustratif";"Illustrative retail setting";"Illustratives Einzelhandelsambiente";"Entorno minorista ilustrativo";"Przykładowe ustawienie detaliczne";"Configuração de retalho ilustrativa";"Açıklayıcı perakende satış ortamı"
"home.retail.hospital.title";"Homepage · Retailkanalen · Ziekenhuiswinkel · titel";"true";"Ziekenhuiscadeauwinkels";"Boutiques de cadeaux d'hôpitaux";"Hospital gift shops";"Geschenkeläden für Krankenhäuser";"Tiendas de regalos de hospitales";"Szpitalne sklepy z upominkami";"Lojas de presentes hospitalares";"Hastane hediyelik eşya mağazaları"
"home.retail.hospital.description";"Homepage · Retailkanalen · Ziekenhuiswinkel · beschrijving";"true";"Een doordachte, kant-en-klare optie voor bezoek, bedank- en beterschapsmomenten.";"Une option réfléchie et prête à l'emploi pour les visites, les remerciements et les moments de rétablissement.";"A considered, ready-presented option for visits, thanks and get-well moments.";"Eine durchdachte, fertig präsentierte Option für Besuche, Danksagungen und Genesungsmomente.";"Una opción cuidada y lista para regalar en visitas, agradecimientos y deseos de pronta recuperación.";"Przemyślana, gotowa do wręczenia opcja na wizyty, podziękowania i życzenia powrotu do zdrowia.";"Uma opção ponderada e já apresentada para visitas, agradecimentos e momentos de melhoras.";"Ziyaretler, teşekkür ve geçmiş olsun anları için düşünülmüş, hazır sunumlu bir seçenek."
"home.retail.petrol.title";"Homepage · Retailkanalen · Tankstation · titel";"true";"Benzinestations";"Stations-service";"Petrol stations";"Tankstellen";"Gasolineras";"Stacje benzynowe";"Postos de abastecimento";"Benzin istasyonları"
"home.retail.petrol.description";"Homepage · Retailkanalen · Tankstation · beschrijving";"true";"Compacte toonbankformaten voor last-minute cadeaus en seizoensverkoop bij benzinestations.";"Formats de comptoir compacts pour les cadeaux de dernière minute et les ventes saisonnières en station-service.";"Compact counter formats for last-minute gifting and seasonal convenience retail.";"Kompakte Thekenformate für Last-Minute-Geschenke und saisonale Verkäufe an Tankstellen.";"Formatos de mostrador compactos para regalos de última hora y ventas de temporada en gasolineras.";"Kompaktowe formaty na ladę do prezentów na ostatnią chwilę i sezonowej sprzedaży na stacjach benzynowych.";"Formatos de balcão compactos para presentes de última hora e vendas sazonais em postos de abastecimento.";"Son dakika hediyeleri ve akaryakıt istasyonu mağazalarındaki sezonluk satışlar için kompakt tezgâh formatları."
"home.retail.supermarket.title";"Homepage · Retailkanalen · Supermarkt · titel";"true";"Supermarkten";"Supermarchés";"Supermarkets";"Supermärkte";"Supermercados";"Supermarkety";"Supermercados";"Süpermarketler"
"home.retail.supermarket.description";"Homepage · Retailkanalen · Supermarkt · beschrijving";"true";"Cadeauklare formaten voor bloemenafdelingen, seizoenstafels en kassa-aangrenzende displays.";"Formats prêts à offrir pour les rayons floraux, les tables saisonnières et les présentoirs adjacents aux caisses.";"Gift-ready formats for floral departments, seasonal tables and checkout-adjacent displays.";"Geschenkfertige Formate für Blumenabteilungen, saisonale Tische und Displays neben der Kasse.";"Formatos listos para regalar para departamentos florales, mesas de temporada y exhibidores adyacentes a la caja.";"Formaty gotowe na prezent dla działów kwiatowych, stołów sezonowych i ekspozycji przy kasach.";"Formatos prontos a oferecer para departamentos florais, mesas sazonais e expositores adjacentes à caixa.";"Çiçek reyonları, sezonluk masalar ve kasa yanındaki vitrinler için hediyeye hazır formatlar."
"home.retail.closeTitle";"Homepage · Retailkanalen · afsluitende titel";"true";"Afgestemd op uw inkoopwensen.";"Conçu selon vos besoins d’achat.";"Built around your buying brief.";"Auf Ihren Einkaufsbedarf abgestimmt.";"Diseñado según sus necesidades de compra.";"Zbudowany na podstawie Twoich wytycznych dotyczących zakupów.";"Criado de acordo com o seu briefing de compra.";"Satın alma ihtiyaçlarınıza göre hazırlandı."
"home.retail.closeDescription";"Homepage · Retailkanalen · afsluitende beschrijving";"true";"Formaat, doosaantallen, voorraad en levertijd worden in uw offerte bevestigd.";"Le format, les quantités de cartons, le stock et le délai sont confirmés dans votre devis.";"Format, carton quantities, stock and lead time are confirmed in your quotation.";"Format, Kartonmengen, Lagerbestand und Lieferzeit werden in Ihrem Angebot bestätigt.";"El formato, las cantidades de cajas, el stock y el plazo de entrega se confirman en su presupuesto.";"Format, liczba kartonów, stan magazynowy i czas realizacji są potwierdzane w ofercie.";"O formato, o número de caixas, o stock e o prazo de entrega são confirmados no orçamento.";"Format, karton adetleri, stok ve teslim süresi teklifte onaylanır."
"home.retail.cta";"Homepage · Retailkanalen · knoptekst";"true";"Ontdek toonbankdisplays";"Découvrir les présentoirs de comptoir";"Explore counter displays";"Thekendisplays entdecken";"Descubrir los expositores de mostrador";"Poznaj ekspozytory na ladę";"Descobrir os expositores de balcão";"Tezgâh stantlarını keşfedin"
"home.faq.label";"Homepage · Veelgestelde vragen · bovenlabel";"true";"Veelgestelde vragen over handel";"FAQ commerciale";"Trade FAQ";"Häufig gestellte Fragen zum Handel";"Preguntas frecuentes sobre el comercio";"Często zadawane pytania dotyczące handlu";"Perguntas frequentes para profissionais";"Ticaret SSS"
"home.faq.title";"Homepage · Veelgestelde vragen · titel";"true";"Antwoorden voor de handel,";"Réponses pour les professionnels,";"Trade answers,";"Antworten für den Handel,";"Respuestas comerciales,";"Odpowiedzi dla handlu,";"Respostas para profissionais,";"Ticari yanıtlar,"
"home.faq.titleEmphasis";"Homepage · Veelgestelde vragen · titelaccent";"true";"voordat u bestelt.";"avant de commander.";"before you order.";"bevor Sie bestellen.";"antes de pedir.";"zanim złożysz zamówienie.";"antes de encomendar.";"sipariş vermeden önce."
"home.faq.intro";"Homepage · Veelgestelde vragen · inleiding";"true";"Voor groothandelaren, grote bloemisten en inkoopteams in de detailhandel die Enrosed vergelijken — van formaten en dozen tot private labeling en levering.";"Pour les grossistes, les grands fleuristes et les équipes d’achat du commerce de détail qui comparent les produits Enrosed — des formats et cartons à la marque propre et à la livraison.";"For wholesalers, large florists and retail buying teams comparing Enrosed — from formats and cartons to private labelling and delivery.";"Für Großhändler, große Floristen und Einkaufsteams im Einzelhandel, die Enrosed-Produkte vergleichen – von Formaten und Kartons bis hin zu Eigenmarken und Lieferung.";"Para mayoristas, grandes floristas y equipos de compras minoristas que comparan los productos Enrosed, desde formatos y cajas hasta marca propia y entrega.";"Dla hurtowników, dużych kwiaciarni i zespołów zakupowych w handlu detalicznym porównujących produkty Enrosed — od formatów i kartonów po markę własną i dostawę.";"Para grossistas, grandes floristas e equipas de compras de retalho que comparam os produtos Enrosed — desde formatos e caixas até marca própria e entrega.";"Enrosed ürünlerini karşılaştıran toptancılar, büyük çiçekçiler ve perakende satın alma ekipleri için — formatlar ve kartonlardan özel markaya ve teslimata kadar."
"home.faq.privateLabel";"Homepage · Veelgestelde vragen · Private-label bovenlabel";"true";"Private label";"Marque propre";"Private labelling";"Eigenmarke";"Marca propia";"Marka własna";"Marca própria";"Özel marka"
"home.faq.privateDescription";"Homepage · Veelgestelde vragen · Private-label beschrijving";"true";"Beschikbaar wanneer de gevraagde hoeveelheid voldoende is voor het geselecteerde product en project, waarbij de uiteindelijke haalbaarheid wordt bevestigd in de handelsofferte.";"Disponible lorsque la quantité demandée est suffisante pour le produit et le projet sélectionnés, avec la faisabilité finale confirmée dans le devis commercial.";"Available when the requested quantity is sufficient for the selected product and project, with final feasibility confirmed in the trade quote.";"Verfügbar, wenn die angeforderte Menge für das ausgewählte Produkt und Projekt ausreicht und die endgültige Machbarkeit im Handelsangebot bestätigt ist.";"Disponible cuando la cantidad solicitada es suficiente para el producto y el proyecto seleccionados, con la viabilidad final confirmada en el presupuesto comercial.";"Dostępne, gdy żądana ilość jest wystarczająca dla wybranego produktu i projektu, a ostateczna wykonalność potwierdzona w wycenie handlowej.";"Disponível quando a quantidade pedida é suficiente para o produto e o projeto selecionados, com a viabilidade final confirmada na proposta comercial.";"İstenilen miktar seçilen ürün ve proje için yeterli olduğunda ve nihai fizibilite ticari teklifte onaylandığında mevcuttur."
"home.faq.item1.question";"Homepage · Veelgestelde vragen · item 1 · vraag";"true";"Wat moet ik vermelden in een offerteaanvraag?";"Que dois-je inclure dans une demande de devis?";"What should I include in a quote request?";"Was sollte ich in eine Angebotsanfrage aufnehmen?";"¿Qué debo incluir en una solicitud de presupuesto?";"Co powinienem uwzględnić w zapytaniu ofertowym?";"O que devo incluir num pedido de orçamento?";"Fiyat teklifi isteğine neleri dahil etmeliyim?"
"home.faq.item1.answer";"Homepage · Veelgestelde vragen · item 1 · antwoord";"true";"Vermeld uw bedrijfs- en BTW-gegevens, de naam en het telefoonnummer van uw contactpersoon, de gekozen producten en kleuren, het gewenste aantal of aantal dozen, de postcode en het land van levering, de gewenste datum en eventuele private-labelwensen.";"Indiquez les coordonnées de votre entreprise et son numéro de TVA, le nom et le téléphone du contact, les produits et couleurs sélectionnés, la quantité ou le nombre de cartons, le code postal et le pays de livraison, la date souhaitée et toute demande de marque propre.";"Include your company and VAT details, contact name and phone number, selected products and colours, required quantity or number of cartons, delivery postcode and country, required date, and any private-label request.";"Geben Sie Ihre Firmen- und Umsatzsteuerdaten, den Namen und die Telefonnummer Ihrer Ansprechperson, die ausgewählten Produkte und Farben, die Menge oder Kartonanzahl, Postleitzahl und Lieferland, den gewünschten Termin sowie etwaige Eigenmarkenwünsche an.";"Incluya los datos de su empresa y de IVA, el nombre y teléfono de contacto, los productos y colores seleccionados, la cantidad o el número de cajas, el código postal y el país de entrega, la fecha deseada y cualquier solicitud de marca propia.";"Podaj dane firmy i numer VAT, imię i nazwisko oraz telefon osoby kontaktowej, wybrane produkty i kolory, wymaganą ilość lub liczbę kartonów, kod pocztowy i kraj dostawy, oczekiwany termin oraz wszelkie wymagania dotyczące marki własnej.";"Inclua os dados da empresa e de IVA, o nome e telefone de contacto, os produtos e cores selecionados, a quantidade ou o número de caixas, o código postal e o país de entrega, a data pretendida e qualquer pedido de marca própria.";"Şirket ve KDV bilgilerinizi, irtibat kişisinin adını ve telefonunu, seçilen ürünleri ve renkleri, miktarı veya karton sayısını, teslimat posta kodunu ve ülkesini, istenen tarihi ve varsa özel marka talebini ekleyin."
"home.faq.item2.question";"Homepage · Veelgestelde vragen · item 2 · vraag";"true";"Wat zijn de minimale bestelhoeveelheid en de aantallen per doos?";"Quels sont le minimum de commande et les quantités par carton ?";"What are the MOQ and quantities per carton?";"Wie hoch sind die Mindestbestellmenge und die Stückzahlen pro Karton?";"¿Cuáles son el pedido mínimo y las cantidades por caja?";"Jaka jest minimalna ilość zamówienia i liczba sztuk w kartonie?";"Quais são a quantidade mínima de encomenda e as quantidades por caixa?";"Minimum sipariş miktarı ve karton başına adetler nedir?"
"home.faq.item2.answer";"Homepage · Veelgestelde vragen · item 2 · antwoord";"true";"Ze verschillen per product en kleur. Uw offerte vermeldt de toepasselijke minimale bestelhoeveelheid, verkoopeenheid of doosindeling en of kleuren gemengd mogen worden.";"Elles varient selon le produit et la couleur. Le devis précise le minimum de commande, l’unité de vente ou la composition du carton applicable et indique si les couleurs peuvent être mélangées.";"They vary by product and colour. Your quote confirms the applicable MOQ, sales unit or carton configuration and whether colours may be mixed.";"Sie variieren je nach Produkt und Farbe. Ihr Angebot bestätigt die geltende Mindestbestellmenge, Verkaufseinheit oder Kartonkonfiguration sowie, ob Farben gemischt werden dürfen.";"Varían según producto y color. Su presupuesto confirma el MOQ aplicable, la unidad de venta o la configuración de la caja y si se pueden mezclar colores.";"Różnią się w zależności od produktu i koloru. Oferta potwierdza obowiązującą minimalną ilość zamówienia, jednostkę sprzedaży lub konfigurację kartonu oraz możliwość mieszania kolorów.";"As quantidades variam consoante o produto e a cor. O seu orçamento confirma o MOQ aplicável, a unidade de venda ou a configuração da caixa e se é possível misturar cores.";"Ürüne ve renge göre değişiklik gösterir. Teklifiniz geçerli MOQ, satış birimi veya karton konfigürasyonunu ve renklerin karıştırılıp karıştırılamayacağını doğrular."
"home.faq.item3.question";"Homepage · Veelgestelde vragen · item 3 · vraag";"true";"Hoe worden voorraad en levertijd bevestigd?";"Comment les stocks et les délais de livraison sont-ils confirmés ?";"How are stock and lead time confirmed?";"Wie werden Lagerbestand und Lieferzeit bestätigt?";"¿Cómo se confirman el stock y el tiempo de entrega?";"W jaki sposób potwierdzane są zapasy i czas realizacji?";"Como é confirmado o stock e o prazo de entrega?";"Stok ve teslim süresi nasıl onaylanır?"
"home.faq.item3.answer";"Homepage · Veelgestelde vragen · item 3 · antwoord";"true";"De actuele voorraad wordt per product en kleur gecontroleerd. Zodra de bestelling, betaling en wijze van levering of ophaling zijn overeengekomen, bevestigt Enrosed de verwachte datum schriftelijk.";"Le stock actuel est vérifié par produit et par couleur. Une fois la commande, le paiement et le mode de livraison ou de retrait convenus, Enrosed confirme la date prévue par écrit.";"Current stock is checked per product and colour. Once the order, payment and delivery or collection method are agreed, Enrosed confirms the expected date in writing.";"Der aktuelle Lagerbestand wird je Produkt und Farbe geprüft. Sobald Bestellung, Zahlung und Versand- oder Abholart vereinbart sind, bestätigt Enrosed den voraussichtlichen Termin schriftlich.";"Se comprueba el stock actual por producto y color. Una vez acordados el pedido, el pago y la modalidad de envío o recogida, Enrosed confirma por escrito la fecha prevista.";"Aktualny stan magazynowy jest sprawdzany dla każdego produktu i koloru. Po uzgodnieniu zamówienia, płatności oraz sposobu wysyłki lub odbioru Enrosed pisemnie potwierdza przewidywany termin.";"O stock atual é verificado por produto e cor. Assim que a encomenda, o pagamento e o método de envio ou recolha forem acordados, a Enrosed confirma por escrito a data prevista.";"Mevcut stok, ürün ve renge göre kontrol edilir. Sipariş, ödeme ve gönderim veya teslim alma yöntemi kararlaştırıldıktan sonra Enrosed tahmini tarihi yazılı olarak teyit eder."
"home.faq.item4.question";"Homepage · Veelgestelde vragen · item 4 · vraag";"true";"Kunt u verzenden of kan ik ophalen?";"Pouvez-vous expédier ou puis-je récupérer?";"Can you ship, or can I collect?";"Können Sie versenden oder kann ich es abholen?";"¿Pueden enviar o puedo recoger?";"Czy możesz wysłać czy mogę odebrać?";"Podem enviar ou posso recolher?";"Gönderebilir misiniz, yoksa ben teslim alabilir miyim?"
"home.faq.item4.answer";"Homepage · Veelgestelde vragen · item 4 · antwoord";"true";"Levering is mogelijk in België en Nederland; andere bestemmingen binnen en buiten de EU zijn op aanvraag beschikbaar. Transportkosten en timing hangen af van de bestelling en bestemming. Ophaalservice is beschikbaar via de partnergroothandel in Zaltbommel.";"La livraison est disponible en Belgique et aux Pays-Bas ; d’autres destinations dans l’UE et hors UE sont possibles sur demande. Les coûts et délais de transport dépendent de la commande et de la destination. Le retrait est possible auprès du grossiste partenaire à Zaltbommel.";"Delivery is available in Belgium and the Netherlands; other EU and non-EU destinations are available on request. Transport cost and timing depend on the order and destination. Collection is available through the partner wholesaler in Zaltbommel.";"Lieferungen sind in Belgien und den Niederlanden möglich; weitere Ziele innerhalb und außerhalb der EU sind auf Anfrage verfügbar. Transportkosten und Lieferzeit hängen von der Bestellung und dem Zielort ab. Die Abholung ist beim Partnergroßhändler in Zaltbommel möglich.";"Se realizan entregas en Bélgica y los Países Bajos; otros destinos de la UE y fuera de ella están disponibles previa solicitud. El coste y los plazos de transporte dependen del pedido y del destino. Se puede recoger el pedido en el mayorista asociado de Zaltbommel.";"Dostawa jest dostępna w Belgii i Holandii; inne miejsca docelowe w UE i poza nią są obsługiwane na życzenie. Koszt i termin transportu zależą od zamówienia i miejsca docelowego. Odbiór jest możliwy u partnerskiej hurtowni w Zaltbommel.";"A entrega está disponível na Bélgica e nos Países Baixos; outros destinos dentro e fora da UE estão disponíveis mediante pedido. O custo e o prazo do transporte dependem da encomenda e do destino. A recolha está disponível através do grossista parceiro em Zaltbommel.";"Belçika ve Hollanda’ya teslimat yapılabilir; diğer AB içi ve AB dışı varış noktaları talep üzerine değerlendirilebilir. Nakliye maliyeti ve süresi siparişe ve varış noktasına bağlıdır. Zaltbommel’deki anlaşmalı toptancıdan teslim alma seçeneği mevcuttur."
"home.faq.item5.question";"Homepage · Veelgestelde vragen · item 5 · vraag";"true";"Is private label mogelijk?";"La marque propre est-elle disponible ?";"Is private labelling available?";"Sind Eigenmarken verfügbar?";"¿Está disponible la marca propia?";"Czy dostępna jest marka własna?";"Está disponível a opção de marca própria?";"Özel marka seçeneği mevcut mu?"
"home.faq.item5.answer";"Homepage · Veelgestelde vragen · item 5 · antwoord";"true";"Vraag naar het gekozen formaat en het geplande bestelvolume. Enrosed bevestigt of het product hiervoor in aanmerking komt, samen met de vereiste hoeveelheid, opmaakvereisten, kosten en verwachte doorlooptijd van het project.";"Renseignez-vous sur le format choisi et le volume de commande envisagé. Enrosed confirme si le produit convient, ainsi que la quantité requise, les besoins graphiques, le coût et le délai prévu pour le projet.";"Ask about the selected format and intended volume. Enrosed confirms whether the product is eligible together with the required quantity, artwork needs, cost and expected lead time for that project.";"Fragen Sie nach dem gewählten Format und dem geplanten Bestellvolumen. Enrosed bestätigt, ob das Produkt dafür infrage kommt, sowie die erforderliche Menge, Anforderungen an Druckdaten, Kosten und voraussichtliche Vorlaufzeit für das Projekt.";"Consulte el formato elegido y el volumen de pedido previsto. Enrosed confirmará si el producto es apto, junto con la cantidad requerida, las necesidades gráficas, el coste y el plazo estimado del proyecto.";"Zapytaj o wybrany format i planowany wolumen zamówienia. Enrosed potwierdzi, czy produkt się kwalifikuje, a także wymaganą ilość, wymagania dotyczące materiałów graficznych, koszt i przewidywany czas realizacji projektu.";"Informe-se sobre o formato escolhido e o volume de encomenda previsto. A Enrosed confirmará se o produto é elegível, bem como a quantidade necessária, os requisitos gráficos, o custo e o prazo previsto para o projeto.";"Seçilen formatı ve planlanan sipariş hacmini belirtin. Enrosed, ürünün uygun olup olmadığını; gerekli miktarı, görsel çalışma ihtiyaçlarını, maliyeti ve projenin tahmini teslim süresini birlikte teyit eder."
"home.faq.item6.question";"Homepage · Veelgestelde vragen · item 6 · vraag";"true";"Hoe kan ik kopen: via veiling of direct?";"Comment puis-je acheter — aux enchères ou directement?";"How can I buy — auction or direct?";"Wie kann ich kaufen – per Auktion oder direkt?";"¿Cómo puedo comprar: subasta o directo?";"Jak mogę kupić — na aukcji lub bezpośrednio?";"Como posso comprar — através do leilão ou diretamente?";"Nasıl satın alabilirim - açık artırmayla mı yoksa doğrudan mı?"
"home.faq.item6.answer";"Homepage · Veelgestelde vragen · item 6 · antwoord";"true";"Gepreserveerde rozen worden elke handelsdag via Royal FloraHolland aangeboden. Stuur voor een rechtstreekse bestelling uw inkoopwensen naar Enrosed; het team bevestigt de producten, handelsvoorwaarden en leverings- of ophaalafspraken in de offerte.";"Des roses préservées sont proposées chaque jour de vente via Royal FloraHolland. Pour une commande directe, envoyez vos besoins d’achat à Enrosed ; l’équipe confirmera dans le devis les produits, les conditions commerciales et les modalités de livraison ou de retrait.";"Preserved roses are offered every trading day through Royal FloraHolland. For a direct order, send your buying requirements to Enrosed; the team will confirm the products, trade terms, and delivery or collection arrangements in the quotation.";"Konservierte Rosen werden an jedem Handelstag über Royal FloraHolland angeboten. Senden Sie für eine Direktbestellung Ihre Einkaufsanforderungen an Enrosed; das Team bestätigt Produkte, Handelskonditionen sowie Liefer- oder Abholmodalitäten im Angebot.";"Las rosas preservadas se ofrecen cada día de venta a través de Royal FloraHolland. Para un pedido directo, envíe sus necesidades de compra a Enrosed; el equipo confirmará en el presupuesto los productos, las condiciones comerciales y las modalidades de envío o recogida.";"Róże stabilizowane są oferowane w każdy dzień handlowy za pośrednictwem Royal FloraHolland. W przypadku zamówienia bezpośredniego prześlij Enrosed swoje wymagania zakupowe; zespół potwierdzi w ofercie produkty, warunki handlowe oraz sposób wysyłki lub odbioru.";"As rosas preservadas são disponibilizadas através da Royal FloraHolland em cada dia de venda. Para uma encomenda direta, envie as suas necessidades de compra à Enrosed; a equipa confirmará no orçamento os produtos, as condições comerciais e as modalidades de envio ou recolha.";"Korunmuş güller Royal FloraHolland üzerinden her satış gününde sunulur. Doğrudan sipariş için satın alma ihtiyaçlarınızı Enrosed’a iletin; ekip ürünleri, ticari koşulları ve gönderim veya teslim alma düzenlemelerini teklifte onaylar."
"home.faq.item7.question";"Homepage · Veelgestelde vragen · item 7 · vraag";"true";"Kan ik de producten bekijken of stalen aanvragen?";"Puis-je voir les produits ou demander des échantillons ?";"Can I view or sample the products?";"Kann ich die Produkte ansehen oder Muster anfordern?";"¿Puedo ver los productos o solicitar muestras?";"Czy mogę obejrzeć produkty lub zamówić próbki?";"Posso ver os produtos ou pedir amostras?";"Ürünleri görebilir veya numune talep edebilir miyim?"
"home.faq.item7.answer";"Homepage · Veelgestelde vragen · item 7 · antwoord";"true";"Bekijk Enrosed bij TICA Brussels. Neem voor stalen contact op met het team en vermeld het product, de kleur en de beoogde bestelling; dan bevestigt het team wat beschikbaar is.";"Découvrez Enrosed chez TICA Brussels. Pour demander des échantillons, contactez l’équipe en précisant le produit, la couleur et la commande envisagée ; elle vous confirmera les disponibilités.";"View Enrosed at TICA Brussels. For samples, contact the team with the product, colour and intended order you are considering so they can confirm what is available.";"Sehen Sie sich Enrosed bei TICA Brussels an. Für Muster kontaktieren Sie das Team und nennen Sie das Produkt, die Farbe und die geplante Bestellung; das Team bestätigt Ihnen dann die Verfügbarkeit.";"Vea los productos Enrosed en TICA Brussels. Para solicitar muestras, contacte con el equipo e indique el producto, el color y el pedido previsto; el equipo le confirmará la disponibilidad.";"Produkty Enrosed można obejrzeć w TICA Brussels. Aby zamówić próbki, skontaktuj się z zespołem i podaj produkt, kolor oraz planowane zamówienie; zespół potwierdzi dostępność.";"Veja os produtos Enrosed na TICA Brussels. Para pedir amostras, contacte a equipa e indique o produto, a cor e a encomenda prevista; a equipa confirmará a disponibilidade.";"Enrosed ürünlerini TICA Brussels’ta görebilirsiniz. Numune talep etmek için ürün, renk ve planlanan sipariş bilgilerini ekibe iletin; ekip mevcut seçenekleri teyit edecektir."
"home.order.label";"Homepage · Bestellen · bovenlabel";"true";"Manieren om te bestellen";"Façons de commander";"Ways to order";"Bestellmöglichkeiten";"Formas de realizar pedidos";"Sposoby zamawiania";"Formas de encomendar";"Sipariş verme yolları"
"home.order.title";"Homepage · Bestellen · titel";"true";"Bestel zoals";"Commandez selon les besoins";"Order the way";"Bestellen Sie so, wie es";"Haga sus pedidos según";"Zamawiaj tak, jak";"Encomende à medida";"İşletmenize uygun"
"home.order.titleEmphasis";"Homepage · Bestellen · titelaccent";"true";"uw bedrijf werkt.";"de votre entreprise.";"your business works.";"zu Ihrem Unternehmen passt.";"las necesidades de su negocio.";"działa Twoja firma.";"do seu negócio.";"sipariş verin."
"home.order.intro";"Homepage · Bestellen · inleiding";"true";"Koop via Royal FloraHolland, bestel rechtstreeks bij Enrosed of vergelijk de collectie persoonlijk op TICA Brussels.";"Achetez via Royal FloraHolland, commandez directement auprès d’Enrosed ou comparez la collection en personne chez TICA Brussels.";"Buy through Royal FloraHolland, order directly from Enrosed, or compare the collection in person at TICA Brussels.";"Kaufen Sie über Royal FloraHolland, bestellen Sie direkt bei Enrosed oder vergleichen Sie die Kollektion persönlich bei TICA Brussels.";"Compre a través de Royal FloraHolland, haga su pedido directamente a Enrosed o compare la colección en persona en TICA Brussels.";"Kup przez Royal FloraHolland, zamów bezpośrednio od Enrosed lub porównaj kolekcję osobiście w TICA Brussels.";"Compre através da Royal FloraHolland, encomende diretamente à Enrosed ou compare a coleção pessoalmente na TICA Brussels.";"Royal FloraHolland üzerinden satın alın, doğrudan Enrosed’dan sipariş verin veya koleksiyonu TICA Brussels’ta bizzat karşılaştırın."
"home.order.auctionStep";"Homepage · Bestellen · Royal FloraHolland stap";"true";"01 · Veiling";"01 · Enchères";"01 · Auction";"01 · Auktion";"01 · Subasta";"01 · Aukcja";"01 · Leilão";"01 · Açık Artırma"
"home.order.auctionTitle";"Homepage · Bestellen · Royal FloraHolland titel";"true";"Royal FloraHolland";"Royal FloraHolland";"Royal FloraHolland";"Royal FloraHolland";"Royal FloraHolland";"Royal FloraHolland";"Royal FloraHolland";"Royal FloraHolland"
"home.order.auctionDescription";"Homepage · Bestellen · Royal FloraHolland beschrijving";"true";"Kopers die al via de veiling inkopen, kunnen daar elke handelsdag gepreserveerde rozen van Enrosed bestellen.";"Les acheteurs qui s’approvisionnent déjà aux enchères peuvent y commander des roses préservées Enrosed chaque jour de négoce.";"Buyers already sourcing through the auction can order Enrosed preserved roses there every trading day.";"Einkäufer, die bereits über die Auktion beziehen, können dort an jedem Handelstag konservierte Rosen von Enrosed bestellen.";"Los compradores que ya se abastecen a través de la subasta pueden pedir allí rosas preservadas Enrosed cada día de negociación.";"Kupujący, którzy już zaopatrują się poprzez aukcję, mogą każdego dnia handlowego zamawiać tam róże stabilizowane Enrosed.";"Os compradores que já se abastecem através do leilão podem encomendar rosas preservadas Enrosed em todos os dias de negociação.";"Açık artırma üzerinden alım yapan müşteriler, her işlem günü buradan Enrosed korunmuş gülleri sipariş edebilir."
"home.order.auctionStatus";"Homepage · Bestellen · Royal FloraHolland status";"true";"Elke handelsdag beschikbaar";"Disponible chaque jour de vente";"Available every trading day";"An jedem Handelstag verfügbar";"Disponible todos los días de negociación";"Dostępne w każdym dniu handlowym";"Disponível todos os dias de negociação";"Her işlem gününde mevcut"
"home.order.directStep";"Homepage · Bestellen · Rechtstreeks bestellen stap";"true";"02 · Directe aanvraag";"02 · Demande directe";"02 · Direct enquiry";"02 · Direkte Anfrage";"02 · Consulta directa";"02 · Bezpośrednie zapytanie";"02 · Pedido direto";"02 · Doğrudan talep"
"home.order.directTitle";"Homepage · Bestellen · Rechtstreeks bestellen titel";"true";"Bestel direct";"Commandez directement";"Order directly";"Direkt bestellen";"Ordene directamente";"Zamów bezpośrednio";"Encomende diretamente";"Doğrudan sipariş verin"
"home.order.directDescription";"Homepage · Bestellen · Rechtstreeks bestellen beschrijving";"true";"Stuur de gewenste formaten, kleuren, aantallen dozen en bestemming voor een offerte op maat en opties voor ophalen of levering.";"Indiquez les formats, les couleurs, le nombre de cartons et la destination souhaités afin de recevoir un devis sur mesure et les options d’enlèvement ou de livraison.";"Send your formats, colours, cartons and destination for a tailored quote, collection or delivery options.";"Senden Sie die gewünschten Formate, Farben, Kartonmengen und den Zielort, um ein individuelles Angebot sowie Abhol- oder Lieferoptionen zu erhalten.";"Indique los formatos, los colores, el número de cajas y el destino para recibir un presupuesto a medida y conocer las opciones de recogida o entrega.";"Podaj wybrane formaty, kolory, liczbę kartonów i miejsce docelowe, aby otrzymać indywidualną ofertę oraz informacje o odbiorze lub dostawie.";"Indique os formatos, as cores, o número de caixas e o destino para receber uma proposta personalizada e conhecer as opções de recolha ou entrega.";"Size özel teklif ile teslim alma veya teslimat seçenekleri için istediğiniz formatları, renkleri, karton adetlerini ve varış noktasını iletin."
"home.order.visitStep";"Homepage · Bestellen · Bezoeklocatie stap";"true";"03 · Bezoek";"03 · Visite";"03 · Visit";"03 · Besuch";"03 · Visita";"03 · Odwiedź";"03 · Visitar";"03 · Ziyaret Et"
"home.order.visitTitle";"Homepage · Bestellen · Bezoeklocatie titel";"true";"TICA Brussels";"TICA Brussels";"TICA Brussels";"TICA Brussels";"TICA Brussels";"TICA Brussels";"TICA Brussels";"TICA Brussels"
"home.order.visitDescription";"Homepage · Bestellen · Bezoeklocatie beschrijving";"true";"Bekijk het Enrosed assortiment op TICA Brussels, C-niveau van de Trademart, Madridlaan 130, P2.";"Découvrez la gamme Enrosed chez TICA Brussels, au niveau C du Trademart, Madridlaan 130, P2.";"See the Enrosed range at TICA Brussels, on level C of the Trademart, Madridlaan 130, P2.";"Entdecken Sie das Enrosed-Sortiment bei TICA Brussels auf Ebene C des Trademart, Madridlaan 130, P2.";"Consulte la gama Enrosed en TICA Brussels, nivel C del Trademart, Madridlaan 130, P2.";"Zobacz asortyment Enrosed w TICA Brussels, na poziomie C w Trademart, Madridlaan 130, P2.";"Conheça a gama Enrosed na TICA Brussels, nível C do Trademart, Madridlaan 130, P2.";"Enrosed ürün gamını TICA Brussels’ta, Trademart C seviyesinde, Madridlaan 130, P2 adresinde inceleyin."
"home.order.visitCta";"Homepage · Bestellen · Bezoeklocatie knop";"true";"Plan uw bezoek";"Planifiez votre visite";"Plan your visit";"Planen Sie Ihren Besuch";"Planifique su visita";"Zaplanuj wizytę";"Planeie a sua visita";"Ziyaretinizi planlayın"
"home.quote.label";"Homepage · Offerte · bovenlabel";"true";"Groothandelofferte";"Devis de gros";"Wholesale quotation";"Großhandelsangebot";"Presupuesto al por mayor";"Oferta hurtowa";"Proposta para venda por grosso";"Toptan satış teklifi"
"home.quote.title";"Homepage · Offerte · titel";"true";"Zie het. Vergelijk het.";"Voyez-le. Comparez-le.";"See it. Compare it.";"Sehen Sie es. Vergleichen Sie es.";"Véalo. Compárelo.";"Zobacz to. Porównaj to.";"Veja. Compare.";"Bakın. Karşılaştırın."
"home.quote.titleEmphasis";"Homepage · Offerte · titelaccent";"true";"Vraag uw offerte aan.";"Demandez votre devis.";"Request your quote.";"Fordern Sie Ihr Angebot an.";"Solicite su presupuesto.";"Poproś o wycenę.";"Peça a sua proposta.";"Teklifinizi isteyin."
"home.quote.description";"Homepage · Offerte · beschrijving";"true";"Vertel ons welke producten, kleuren en aantallen dozen u nodig heeft. Wij bevestigen handelsprijzen, actuele beschikbaarheid, minimumhoeveelheden en de leveringsopties voor uw voorkeursassortiment.";"Dites-nous de quels produits, couleurs et quantités de carton vous avez besoin. Nous confirmons les prix commerciaux, la disponibilité actuelle, les quantités minimales et les options de livraison pour votre gamme préférée.";"Tell us which products, colours and carton quantities you need. We confirm trade pricing, current availability, minimum quantities and the delivery options for your preferred range.";"Teilen Sie uns mit, welche Produkte, Farben und Kartonmengen Sie benötigen. Wir bestätigen Handelspreise, aktuelle Verfügbarkeit, Mindestmengen und die Lieferoptionen für Ihr Wunschsortiment.";"Díganos qué productos, colores y cantidades de cajas necesita. Confirmamos los precios comerciales, la disponibilidad actual, las cantidades mínimas y las opciones de entrega para su surtido preferido.";"Powiedz nam, jakich produktów, kolorów i ilości kartonów potrzebujesz. Potwierdzamy ceny handlowe, aktualną dostępność, ilości minimalne i opcje dostawy dla preferowanego asortymentu.";"Diga-nos quais os produtos, cores e quantidades de caixas de que necessita. Confirmamos o preço comercial, a disponibilidade atual, as quantidades mínimas e as opções de entrega para a sua gama preferida.";"Hangi ürünlere, renklere ve karton adetlerine ihtiyacınız olduğunu bize bildirin. Tercih ettiğiniz ürün grubu için ticari fiyatları, mevcut bulunabilirliği, minimum miktarları ve teslimat seçeneklerini onaylıyoruz."
"home.quote.prompt";"Homepage · Offerte · Aanvraagprompt";"true";"Om uw offerte op te stellen, vermeldt u:";"Pour préparer votre devis, incluez :";"To prepare your quote, include:";"Um Ihr Angebot vorzubereiten, schließen Sie Folgendes ein:";"Para preparar su presupuesto, incluya:";"Aby przygotować wycenę, dołącz:";"Para elaborar o seu orçamento, inclua:";"Teklifinizi hazırlamak için şunları ekleyin:"
"home.quote.briefAria";"Homepage · Offerte · toegankelijkheidslabel van aanvraagpunten";"true";"Informatie die bij een directe aanvraag moet worden vermeld";"Informations à inclure dans une demande directe";"Information to include with a direct enquiry";"Informationen, die einer Direktanfrage beigefügt werden müssen";"Información a incluir en una consulta directa";"Informacje, które należy dołączyć do bezpośredniego zapytania";"Informação a incluir numa consulta direta";"Doğrudan sorgulamaya eklenecek bilgiler"
"home.quote.brief1";"Homepage · Offerte · briefpunt 1";"true";"Bedrijf & BTW";"Société et TVA";"Company & VAT";"Firma & MwSt";"Empresa e IVA";"Firma i podatek VAT";"Empresa e IVA";"Şirket ve KDV bilgileri"
"home.quote.brief2";"Homepage · Offerte · briefpunt 2";"true";"Formaten & kleuren";"Formats & couleurs";"Formats & colours";"Formate und Farben";"Formatos y colores";"Formaty i kolory";"Formatos e cores";"Formatlar ve renkler"
"home.quote.brief3";"Homepage · Offerte · briefpunt 3";"true";"Hoeveelheid / dozen";"Quantité / cartons";"Quantity / cartons";"Menge / Kartons";"Cantidad/cajas";"Ilość / kartony";"Quantidade/caixas";"Miktar / kartonlar"
"home.quote.brief4";"Homepage · Offerte · briefpunt 4";"true";"Land van levering";"Pays de livraison";"Delivery country";"Lieferland";"País de entrega";"Kraj dostawy";"País de entrega";"Teslimat ülkesi"
"home.quote.preferTalk";"Homepage · Offerte · Liever bellen tekst";"true";"Liever praten?";"Vous préférez parler?";"Prefer to talk?";"Reden Sie lieber?";"¿Prefiere hablar?";"Wolisz rozmawiać?";"Prefere conversar?";"Konuşmayı mı tercih edersiniz?"
"home.quote.emailSubject";"Homepage · Offerte · e-mailonderwerp";"true";"Enrosed groothandelsaanvraag";"Demande de devis grossiste Enrosed";"Enrosed wholesale enquiry";"Enrosed Großhandelsanfrage";"Consulta mayorista Enrosed";"Zapytanie hurtowe Enrosed";"Pedido de proposta comercial Enrosed";"Enrosed toptan satış talebi"
"home.quote.emailBody";"Homepage · Offerte · e-mailtekst";"true";"Hallo Enrosed,

Bedrijf:
BTW-nummer:
Winkeltype / verkoopkanaal:
Producten of formaten:
Voorkeurskleuren:
Geschatte hoeveelheid / dozen:
Leveringspostcode en land:
Vereiste datum:
Private-label verzoek (indien van toepassing):

Aanvullende opmerkingen:";"Bonjour Enrosed,

Entreprise :
Numéro de TVA :
Type de magasin / canal de vente :
Produits ou formats :
Couleurs préférées :
Quantité estimée / cartons :
Code postal de livraison et pays :
Date requise :
Demande de marque privée (le cas échéant) :

Remarques supplémentaires :";"Hello Enrosed,

Company:
VAT number:
Store type / sales channel:
Products or formats:
Preferred colours:
Estimated quantity / cartons:
Delivery postcode and country:
Required date:
Private-label request (if applicable):

Additional notes:";"Hallo Enrosed,

Unternehmen:
Umsatzsteuer-Identifikationsnummer:
Geschäftstyp/Vertriebskanal:
Produkte oder Formate:
Bevorzugte Farben:
Geschätzte Menge/Kartons:
Liefer-Postleitzahl und Land:
Erforderliches Datum:
Private-Label-Anfrage (falls zutreffend):

Zusätzliche Hinweise:";"Hola Enrosed,

Empresa:
Número de IVA:
Tipo de tienda/canal de venta:
Productos o formatos:
Colores preferidos:
Cantidad estimada / cajas:
Código postal y país de entrega:
Fecha requerida:
Solicitud de marca propia (si corresponde):

Notas adicionales:";"Witam Enrosed,

Firma:
Numer VAT:
Typ sklepu/kanał sprzedaży:
Produkty lub formaty:
Preferowane kolory:
Szacowana ilość / kartony:
Kod pocztowy i kraj dostawy:
Wymagana data:
Prośba o markę własną (jeśli dotyczy):

Dodatkowe uwagi:";"Olá Enrosed,

Empresa:
Número de IVA:
Tipo de loja/canal de vendas:
Produtos ou formatos:
Cores preferenciais:
Quantidade estimada / caixas:
Código postal de entrega e país:
Data exigida:
Pedido de marca própria (se aplicável):

Notas adicionais:";"Merhaba Enrosed,

Şirket:
KDV numarası:
Mağaza türü / satış kanalı:
Ürünler veya formatlar:
Tercih edilen renkler:
Tahmini miktar / kartonlar:
Teslimat posta kodu ve ülke:
Gerekli tarih:
Özel marka talebi (varsa):

Ek notlar:"
"products.hero.label";"Productoverzicht · Hero · bovenlabel";"true";"Enrosed groothandelscollectie";"Collection de gros Enrosed";"Enrosed wholesale collection";"Enrosed Großhandelskollektion";"Colección mayorista Enrosed";"Hurtowa kolekcja Enrosed";"Coleção grossista Enrosed";"Enrosed toptan satış koleksiyonu"
"products.hero.title";"Productoverzicht · Hero · titel";"true";"De complete rozencollectie.";"La collection complète de roses.";"The complete rose collection.";"Die komplette Rosenkollektion.";"La colección completa de rosas.";"Kompletna kolekcja róż.";"A coleção completa de rosas.";"Eksiksiz gül koleksiyonu."
"products.hero.intro";"Productoverzicht · Hero · inleiding";"true";"{count} groothandelsformaten voor groothandels, grote bloemisten en retailinkopers — met onze bestverkochte glazen schalen voorop, naast toonbankdisplays, stolpen en flowerboxes.";"{count} formats professionnels pour les grossistes, grands fleuristes et acheteurs retail — avec nos bols en verre best-sellers en tête, puis les présentoirs de comptoir, les cloches et les flowerboxes.";"{count} wholesale formats for wholesalers, large florists and retail buyers — led by our bestselling glass bowls, counter displays, domes and flowerboxes.";"{count} Großhandelsformate für Großhändler, große Floristen und Einkäufer — angeführt von unseren meistverkauften Glasschalen, ergänzt durch Thekendisplays, Glasglocken und Flowerboxen.";"{count} formatos para mayoristas, grandes floristas y compradores retail — encabezados por nuestros cuencos de vidrio superventas, junto con expositores de mostrador, cúpulas y flowerboxes.";"{count} formatów hurtowych dla hurtowni, dużych kwiaciarni i kupców detalicznych — z naszymi najlepiej sprzedającymi się szklanymi miseczkami na czele, a także ekspozytorami na ladę, kloszami i flowerboxami.";"{count} formatos para grossistas, grandes floristas e compradores de retalho — liderados pelas nossas taças de vidro mais vendidas, seguidas de expositores de balcão, cúpulas e flowerboxes.";"Toptancılar, büyük çiçekçiler ve perakende alıcıları için {count} toptan format — en çok satan cam kaselerimizin öncülüğünde, tezgâh stantları, fanuslar ve flowerboxlarla birlikte."
"products.hero.catalogueCta";"Productoverzicht · Hero · Catalogusknop";"true";"Vraag de handelscatalogus aan";"Demander le catalogue professionnel";"Request the trade catalogue";"Fordern Sie den Handelskatalog an";"Solicitar el catálogo comercial";"Zamów katalog branżowy";"Solicite o catálogo comercial";"Ticari kataloğu talep edin"
"products.hero.catalogueEmailSubject";"Productoverzicht · Hero · Catalogus e-mailonderwerp";"true";"Enrosed handelscatalogusaanvraag";"Demande de catalogue professionnel Enrosed";"Enrosed trade catalogue enquiry";"Enrosed Handelskataloganfrage";"Consulta sobre el catálogo comercial Enrosed";"Zapytanie o katalog handlowy Enrosed";"Consulta sobre o catálogo comercial Enrosed";"Enrosed ticari katalog talebi"
"products.trade.label";"Productoverzicht · handelslabel · bovenlabel";"true";"Stel uw assortiment samen";"Construisez votre assortiment";"Build your assortment";"Bauen Sie Ihr Sortiment auf";"Construya su surtido";"Zbuduj swój asortyment";"Crie o seu sortido";"Ürün yelpazenizi oluşturun"
"products.trade.title";"Productoverzicht · handelslabel · titel";"true";"Heeft u formaten, kleuren en dozen nodig die bij uw winkel passen?";"Besoin de formats, couleurs et cartons adaptés à votre magasin?";"Need formats, colours and cartons matched to your store?";"Benötigen Sie Formate, Farben und Kartons, die zu Ihrem Geschäft passen?";"¿Necesita formatos, colores y cajas que combinen con su tienda?";"Potrzebujesz formatów, kolorów i kartonów dopasowanych do Twojego sklepu?";"Precisa de formatos, cores e caixas que combinem com a sua loja?";"Mağazanıza uygun formatlara, renklere ve kartonlara mı ihtiyacınız var?"
"products.trade.description";"Productoverzicht · handelslabel · beschrijving";"true";"Vertel ons wat u verkoopt, de gewenste formaten en het land van levering. We zullen antwoorden met de relevante handelsgegevens.";"Dites-nous ce que vous vendez, vos formats préférés et votre pays de livraison. Nous vous répondrons avec les détails commerciaux pertinents.";"Tell us what you sell, your preferred formats and delivery country. We will reply with the relevant trade details.";"Teilen Sie uns mit, was Sie verkaufen, welche Formate Sie bevorzugen und in welches Land geliefert werden soll. Wir antworten Ihnen mit den relevanten Handelskonditionen.";"Cuéntenos qué vende, sus formatos preferidos y el país de entrega. Le responderemos con la información comercial pertinente.";"Powiedz nam, co sprzedajesz, preferowane formaty i kraj dostawy. W odpowiedzi przekażemy odpowiednie szczegóły handlowe.";"Diga-nos o que vende, os seus formatos preferidos e o país de entrega. Responderemos com os detalhes comerciais relevantes.";"Ne sattığınızı, tercih ettiğiniz formatları ve teslimat ülkesini bize bildirin. İlgili ticaret ayrıntılarıyla yanıt vereceğiz."
"products.trade.emailSubject";"Productoverzicht · handelslabel · e-mailonderwerp";"true";"Enrosed assortimentsaanvraag";"Demande d'assortiment Enrosed";"Enrosed assortment enquiry";"Enrosed Sortimentsanfrage";"Consulta sobre el surtido Enrosed";"Zapytanie o asortyment Enrosed";"Consulta de sortido Enrosed";"Enrosed ürün gamı talebi"
"products.trade.emailBody";"Productoverzicht · handelslabel · e-mailtekst";"true";"Bedrijf:
BTW-nummer:
Naam en telefoonnummer van contactpersoon:
Winkeltype/verkoopkanaal:
Producten of formaten:
Kleuren:
Aantal of dozen:
Vereiste datum:
Postcode en land van bezorging:
Private-label aanvraag:";"Société :
Numéro de TVA :
Nom et téléphone du contact :
Type de magasin / canal de vente :
Produits ou formats :
Couleurs :
Quantité ou cartons :
Date requise :
Code postal de livraison et pays :
Demande de marque privée :";"Company:
VAT number:
Contact name and phone:
Store type / sales channel:
Products or formats:
Colours:
Quantity or cartons:
Required date:
Delivery postcode and country:
Private-label request:";"Unternehmen:
Umsatzsteuer-Identifikationsnummer:
Kontaktname und Telefonnummer:
Geschäftstyp/Vertriebskanal:
Produkte oder Formate:
Farben:
Menge oder Kartons:
Erforderliches Datum:
Postleitzahl und Land der Lieferung:
Private-Label-Anfrage:";"Empresa:
Número de IVA:
Nombre y teléfono de contacto:
Tipo de tienda/canal de ventas:
Productos o formatos:
Colores:
Cantidad o cajas:
Fecha requerida:
Código postal y país de entrega:
Solicitud de marca propia:";"Firma:
Numer VAT:
Osoba kontaktowa i telefon:
Typ sklepu/kanał sprzedaży:
Produkty lub formaty:
Kolory:
Ilość lub kartony:
Wymagany termin:
Kod pocztowy i kraj dostawy:
Prośba o markę własną:";"Empresa:
Nº de IVA:
Nome e telefone de contacto:
Tipo de loja/canal de vendas:
Produtos ou formatos:
Cores:
Quantidade ou caixas:
Data pretendida:
Código postal e país de entrega:
Pedido de marca própria:";"Şirket:
KDV numarası:
Kişinin adı ve telefonu:
Mağaza türü / satış kanalı:
Ürünler veya formatlar:
Renkler:
Miktar veya kartonlar:
Gerekli tarih:
Teslimat posta kodu ve ülke:
Özel marka talebi:"
"products.card.shownIn";"Productoverzicht · Productkaart · Getoond in";"true";"Getoond in {option}";"affiché dans {option}";"Shown in {option}";"Angezeigt in {option}";"Mostrado en {option}";"pokazane w {option}";"Apresentado em {option}";"{option} seçeneğinde"
"products.card.options";"Productoverzicht · Productkaart · opties";"true";"Opties";"Options";"Options";"Optionen";"Opciones";"Opcje";"Opções";"Seçenekler"
"products.card.optionsAria";"Productoverzicht · Productkaart · toegankelijkheidslabel voor opties";"true";"{product} opties";"Options de {product}";"{product} options";"Optionen für {product}";"Opciones de {product}";"Opcje produktu {product}";"Opções de {product}";"{product} seçenekleri"
"products.card.optionCount.one";"Productoverzicht · Productkaart · aantal opties · enkelvoud";"true";"{count} optie";"{count} option";"{count} option";"{count} Option";"{count} opción";"{count} opcja";"{count} opção";"{count} seçenek"
"products.card.optionCount.few";"Productoverzicht · Productkaart · aantal opties · weinig";"true";"{count} opties";"{count} options";"{count} options";"{count} Optionen";"{count} opciones";"{count} opcje";"{count} opções";"{count} seçenek"
"products.card.optionCount.many";"Productoverzicht · Productkaart · aantal opties · veel";"true";"{count} opties";"{count} options";"{count} options";"{count} Optionen";"{count} opciones";"{count} opcji";"{count} opções";"{count} seçenek"
"products.card.optionCount.other";"Productoverzicht · Productkaart · aantal opties · overig";"true";"{count} opties";"{count} options";"{count} options";"{count} Optionen";"{count} opciones";"{count} opcji";"{count} opções";"{count} seçenek"
"products.card.colours";"Productoverzicht · Productkaart · kleuren";"true";"Kleuren";"Couleurs";"Colours";"Farben";"Colores";"Kolory";"Cores";"Renkler"
"products.card.colourDirectionsAria";"Productoverzicht · Productkaart · toegankelijkheidslabel voor kleurrichtingen";"true";"{product} kleurrichtingen";"Orientations de couleur de {product}";"{product} colour directions";"Farbrichtungen für {product}";"Direcciones de color de {product}";"Kierunki kolorystyczne produktu {product}";"Direções de cor de {product}";"{product} renk seçenekleri"
"products.card.directionCount.one";"Productoverzicht · Productkaart · aantal kleurrichtingen · enkelvoud";"true";"{count} richting";"{count} direction";"{count} direction";"{count} Richtung";"{count} dirección";"{count} kierunek";"{count} direção";"{count} yön"
"products.card.directionCount.few";"Productoverzicht · Productkaart · aantal kleurrichtingen · weinig";"true";"{count} richtingen";"{count} directions";"{count} directions";"{count} Richtungen";"{count} direcciones";"{count} kierunki";"{count} direções";"{count} yön"
"products.card.directionCount.many";"Productoverzicht · Productkaart · aantal kleurrichtingen · veel";"true";"{count} richtingen";"{count} directions";"{count} directions";"{count} Richtungen";"{count} direcciones";"{count} kierunków";"{count} direções";"{count} yön"
"products.card.directionCount.other";"Productoverzicht · Productkaart · aantal kleurrichtingen · overig";"true";"{count} richtingen";"{count} directions";"{count} directions";"{count} Richtungen";"{count} direcciones";"{count} kierunku";"{count} direções";"{count} yön"
"products.card.viewProductAria";"Productoverzicht · Productkaart · toegankelijkheidslabel voor product bekijken";"true";"Bekijk {product}";"Voir {product}";"View {product}";"{product} ansehen";"Ver {product}";"Zobacz {product}";"Ver {product}";"{product} ürününü görüntüle"
"product.breadcrumb.products";"Productdetail · Broodkruimel · Producten";"true";"Producten";"Produits";"Products";"Produkte";"Productos";"Produkty";"Produtos";"Ürünler"
"product.fact.format";"Productdetail · Productkenmerken · formaat";"true";"Formaat";"Format";"Format";"Format";"Formato";"Format";"Formato";"Format"
"product.fact.dimensions";"Productdetail · Productkenmerken · maatnotatie";"true";"B × D × H";"B × D × H";"B × D × H";"B × D × H";"B × D × H";"B × D × H";"B × D × H";"B × D × H"
"product.fact.trade";"Productdetail · Productkenmerken · handelslabel";"true";"Handel";"Commerce";"Trade";"Handel";"Comercio";"Handel";"Comércio";"Ticaret"
"product.fact.tradeValue";"Productdetail · Productkenmerken · handelswaarde";"true";"Prijs, doosgegevens en beschikbaarheid bevestigd in de offerte";"Prix, détails des cartons et disponibilité confirmés dans le devis";"Price, carton details and availability confirmed in the quotation";"Preis, Kartondetails und Verfügbarkeit im Angebot bestätigt";"Precio, datos de las cajas y disponibilidad confirmados en el presupuesto";"Cena, dane kartonu i dostępność potwierdzone w ofercie";"Preço, dados das caixas e disponibilidade confirmados no orçamento";"Fiyat, karton bilgileri ve stok durumu teklifte onaylanır"
"product.highlights";"Productdetail · hoogtepunten";"true";"Producthoogtepunten";"Points forts du produit";"Product highlights";"Produkt-Highlights";"Características destacadas";"Najważniejsze cechy produktu";"Destaques do produto";"Ürünün öne çıkanları"
"product.quote.description";"Productdetail · Offerte · beschrijving";"true";"Vraag de productspecifieke handelsgegevens op voor uw voorkeurskleur, hoeveelheid en land van levering.";"Demandez les détails commerciaux spécifiques au produit pour votre couleur, quantité et pays de livraison préférés.";"Request the product-specific trade details for your preferred colour, quantity and delivery country.";"Fordern Sie die produktspezifischen Handelsdetails für Ihre bevorzugte Farbe, Menge und Ihr Lieferland an.";"Solicite los detalles comerciales específicos del producto para su color, cantidad y país de entrega preferidos.";"Poproś o szczegółowe informacje handlowe dotyczące wybranego koloru, ilości i kraju dostawy.";"Solicite os detalhes comerciais específicos do produto para a sua cor, quantidade e país de entrega preferidos.";"Tercih ettiğiniz renk, miktar ve teslimat ülkesine ilişkin ürüne özel ticari ayrıntıları isteyin."
"product.quote.back";"Productdetail · Offerte · terugknop";"true";"Bekijk de volledige collectie";"Voir la collection complète";"View the full collection";"Sehen Sie sich die gesamte Kollektion an";"Ver la colección completa";"Zobacz pełną kolekcję";"Ver coleção completa";"Koleksiyonun tamamını görüntüle"
"product.related.label";"Productdetail · Gerelateerde producten · bovenlabel";"true";"Vervolg de collectie";"Continuer la collection";"Continue the collection";"Setzen Sie die Sammlung fort";"Continuar la colección";"Kontynuuj kolekcję";"Continuar a coleção";"Koleksiyona devam et"
"product.related.title";"Productdetail · Gerelateerde producten · titel";"true";"Gerelateerde formaten";"Formats associés";"Related formats";"Verwandte Formate";"Formatos relacionados";"Powiązane formaty";"Formatos relacionados";"İlgili formatlar"
"product.related.viewCategory";"Productdetail · Gerelateerde producten · categorieknop";"true";"Bekijk {category}";"Voir {category}";"View {category}";"{category} ansehen";"Ver {category}";"Zobacz {category}";"Ver {category}";"{category} kategorisini görüntüle"
"product.quote.emailSubject";"Productdetail · Offerte · e-mailonderwerp";"true";"Handelsaanvraag — {product}";"Demande commerciale — {product}";"Trade enquiry — {product}";"Handelsanfrage – {product}";"Consulta comercial: {product}";"Zapytanie handlowe — {product}";"Consulta comercial — {product}";"Ticari talep — {product}"
"product.quote.emailBody";"Productdetail · Offerte · e-mailtekst";"true";"Bedrijf:
BTW-nummer:
Naam contactpersoon:
Telefoon:

Product: {product}
Productpagina: {productUrl}
Gewenste kleur(en):
Aantal / dozen:
Postcode en land van levering:
Vereiste datum:
Private-label verzoek (indien van toepassing):

Aanvullende opmerkingen:";"Société :
Numéro de TVA :
Nom du contact :
Téléphone :

Produit : {product}
Page produit : {productUrl}
Couleur(s) souhaitée(s) :
Quantité / cartons :
Code postal et pays de livraison :
Date requise :
Demande de marque privée (le cas échéant) :

Remarques supplémentaires :";"Company:
VAT number:
Contact name:
Phone:

Product: {product}
Product page: {productUrl}
Desired colour(s):
Quantity / cartons:
Delivery postcode and country:
Required date:
Private-label request (if applicable):

Additional notes:";"Firma:
Umsatzsteuer-Identifikationsnummer:
Kontaktname:
Telefon:

Produkt: {product}
Produktseite: {productUrl}
Gewünschte(n) Farbe(n):
Menge / Kartons:
Postleitzahl und Land der Lieferung:
Erforderliches Datum:
Private-Label-Anfrage (falls zutreffend):

Zusätzliche Hinweise:";"Empresa:
Número de IVA:
Nombre de contacto:
Teléfono:

Producto: {product}
Página del producto: {productUrl}
Color(es) deseado(s):
Cantidad / cajas:
Código postal y país de entrega:
Fecha requerida:
Solicitud de marca propia (si corresponde):

Notas adicionales:";"Firma:
Numer VAT:
Osoba kontaktowa:
Telefon:

Produkt: {product}
Strona produktu: {productUrl}
Wybrane kolory:
Ilość / kartony:
Kod pocztowy i kraj dostawy:
Wymagana data:
Prośba o markę własną (jeśli dotyczy):

Dodatkowe uwagi:";"Empresa:
Nº de IVA:
Nome do contacto:
Telefone:

Produto: {product}
Página do produto: {productUrl}
Cor(es) desejada(s):
Quantidade/caixas:
Código postal e país de entrega:
Data exigida:
Pedido de marca própria (se aplicável):

Notas adicionais:";"Şirket:
KDV numarası:
İletişim adı:
Telefon:

Ürün: {product}
Ürün sayfası: {productUrl}
İstenen renk(ler):
Miktar / karton:
Teslimat posta kodu ve ülke:
Gerekli tarih:
Özel marka talebi (varsa):

Ek notlar:"
"product.gallery.aria";"Productdetail · Fotogalerij · toegankelijkheidslabel";"true";"{product} afbeeldingengalerij";"Galerie d’images de {product}";"{product} image gallery";"{product} Bildergalerie";"Galería de imágenes de {product}";"Galeria zdjęć produktu {product}";"Galeria de imagens de {product}";"{product} resim galerisi"
"product.gallery.railAria";"Productdetail · Fotogalerij · toegankelijkheidslabel van fotolijst";"true";"Aantal productafbeeldingen: {count}. Swipe of gebruik de afbeeldingsbediening.";"Nombre d’images produit : {count}. Faites glisser ou utilisez les commandes d’image.";"{count} product images. Swipe or use the image controls.";"Produktbilder: {count}. Wischen Sie oder verwenden Sie die Bildsteuerung.";"Imágenes del producto: {count}. Desliza o usa los controles de imagen.";"Liczba zdjęć produktu: {count}. Przesuń lub użyj elementów sterujących obrazem.";"Imagens do produto: {count}. Deslize ou use os controlos da imagem.";"Ürün görseli sayısı: {count}. Kaydırın veya görsel kontrollerini kullanın."
"product.gallery.imageAria";"Productdetail · Fotogalerij · toegankelijkheidslabel van foto";"true";"Afbeelding {index} van {total}";"Image {index} de {total}";"Image {index} of {total}";"Bild {index} von {total}";"Imagen {index} de {total}";"Obraz {index} z {total}";"Imagem {index} de {total}";"Görsel {index}/{total}"
"product.gallery.chooseImageAria";"Productdetail · Fotogalerij · toegankelijkheidslabel voor foto kiezen";"true";"Kies een productafbeelding";"Choisissez une image de produit";"Choose a product image";"Wählen Sie ein Produktbild";"Elige una imagen de producto";"Wybierz zdjęcie produktu";"Escolha uma imagem do produto";"Bir ürün görseli seçin"
"product.gallery.showImageAria";"Productdetail · Fotogalerij · toegankelijkheidslabel voor foto tonen";"true";"Toon afbeelding {index} van {total}: {alt}";"Afficher l'image {index} de {total} : {alt}";"Show image {index} of {total}: {alt}";"Bild {index} von {total} anzeigen: {alt}";"Mostrar imagen {index} de {total}: {alt}";"Pokaż obraz {index} z {total}: {alt}";"Mostrar imagem {index} de {total}: {alt}";"Görsel {index}/{total} göster: {alt}"
"product.gallery.imageStatus";"Productdetail · Fotogalerij · fotostatus";"true";"Afbeelding {index} van {total}";"Image {index} de {total}";"Image {index} of {total}";"Bild {index} von {total}";"Imagen {index} de {total}";"Obraz {index} z {total}";"Imagem {index} de {total}";"Görsel {index}/{total}"
"product.gallery.optionHelp.none";"Productdetail · Fotogalerij · Hulptekst opties · Zonder previews";"true";"Optieafbeeldingen en huidige beschikbaarheid worden bevestigd met uw handelsofferte.";"Les images de l'option et la disponibilité actuelle sont confirmées avec votre devis commercial.";"Option imagery and current availability are confirmed with your trade quote.";"Optionsbilder und aktuelle Verfügbarkeit werden mit Ihrem Handelsangebot bestätigt.";"Las imágenes de la opción y la disponibilidad actual se confirman con su presupuesto comercial.";"Zdjęcia opcji i bieżąca dostępność są potwierdzone wyceną handlową.";"As imagens da opção e a disponibilidade atual são confirmadas na sua proposta comercial.";"Opsiyon görüntüleri ve mevcut kullanılabilirlik, ticari teklifinizle onaylanır."
"product.gallery.optionHelp.partial";"Productdetail · Fotogalerij · Hulptekst opties · Gedeeltelijke previews";"true";"Kies een optie met een productvoorbeeld. Verdere beelden worden op verzoek bevestigd.";"Choisissez une option avec un aperçu du produit. Des images supplémentaires sont confirmées sur demande.";"Choose an option with a product preview. Further imagery is confirmed on request.";"Wählen Sie eine Option mit einer Produktvorschau. Weitere Bilder werden auf Anfrage bestätigt.";"Elija una opción con una vista previa del producto. Se confirman más imágenes bajo petición.";"Wybierz opcję z podglądem produktu. Dalsze zdjęcia potwierdzane są na życzenie.";"Escolha uma opção com visualização do produto. Outras imagens são confirmadas mediante pedido.";"Ürün önizlemesi olan bir seçenek seçin. Talep üzerine daha fazla görüntü onaylanır."
"product.gallery.optionHelp.complete";"Productdetail · Fotogalerij · Hulptekst opties · Volledige previews";"true";"Kies een optie om de bijbehorende productafbeelding te bekijken.";"Choisissez une option pour afficher l’image produit correspondante.";"Choose an option to view the corresponding product image.";"Wählen Sie eine Option, um das zugehörige Produktbild anzuzeigen.";"Elija una opción para ver la imagen de producto correspondiente.";"Wybierz opcję, aby wyświetlić powiązane zdjęcie produktu.";"Escolha uma opção para visualizar a imagem de produto associada.";"İlgili ürün görselini görüntülemek için bir seçenek seçin."
"product.gallery.colourHelp.none";"Productdetail · Fotogalerij · Hulptekst kleuren · Zonder previews";"true";"Kleurenafbeeldingen en huidige beschikbaarheid worden bevestigd met uw handelsofferte.";"Les images couleur et la disponibilité actuelle sont confirmées avec votre devis commercial.";"Colour imagery and current availability are confirmed with your trade quote.";"Farbbilder und aktuelle Verfügbarkeit werden mit Ihrem Handelsangebot bestätigt.";"Las imágenes en color y la disponibilidad actual se confirman con su presupuesto comercial.";"Kolorowe zdjęcia i aktualna dostępność są potwierdzone wyceną handlową.";"As imagens das cores e a disponibilidade atual são confirmadas na sua proposta comercial.";"Renkli görüntüler ve mevcut stok durumu ticari fiyat teklifinizle onaylanır."
"product.gallery.colourHelp.partial";"Productdetail · Fotogalerij · Hulptekst kleuren · Gedeeltelijke previews";"true";"Kies een kleur met een productvoorbeeld. Verdere kleurenafbeeldingen worden op verzoek bevestigd.";"Choisissez une couleur avec un aperçu du produit. D’autres images couleur sont confirmées sur demande.";"Choose a colour with a product preview. Further colour imagery is confirmed on request.";"Wählen Sie eine Farbe mit einer Produktvorschau. Weitere Farbbilder werden auf Anfrage bestätigt.";"Elija un color con una vista previa del producto. Se confirman más imágenes en color bajo petición.";"Wybierz kolor z podglądem produktu. Dalsze kolorowe zdjęcia potwierdzane są na życzenie.";"Escolha uma cor com uma pré-visualização do produto. Outras imagens a cores são confirmadas mediante pedido.";"Ürün ön izlemesi ile bir renk seçin. Talep üzerine daha fazla renkli görüntü onaylanır."
"product.gallery.colourHelp.complete";"Productdetail · Fotogalerij · Hulptekst kleuren · Volledige previews";"true";"Kies een kleur om de bijbehorende productafbeelding te bekijken.";"Choisissez une couleur pour afficher l’image produit correspondante.";"Choose a colour to view the corresponding product image.";"Wählen Sie eine Farbe, um das zugehörige Produktbild anzuzeigen.";"Elija un color para ver la imagen de producto correspondiente.";"Wybierz kolor, aby wyświetlić powiązane zdjęcie produktu.";"Escolha uma cor para visualizar a imagem de produto associada.";"İlgili ürün görselini görüntülemek için bir renk seçin."
"product.gallery.optionsLegend";"Productdetail · Fotogalerij · legenda van opties";"true";"Opties";"Options";"Options";"Optionen";"Opciones";"Opcje";"Opções";"Seçenekler"
"product.gallery.coloursLegend";"Productdetail · Fotogalerij · legenda van kleuren";"true";"Kleurrichtingen";"Directions de couleur";"Colour directions";"Farbrichtungen";"Direcciones de color";"Kierunki kolorów";"Direções de cor";"Renk yönleri"
"product.gallery.selectAria";"Productdetail · Fotogalerij · toegankelijkheidslabel van selectie";"true";"Selecteer {option}";"Sélectionnez {option}";"Select {option}";"Wählen Sie {option}";"Seleccione {option}";"Wybierz {option}";"Selecione {option}";"{option} seçeneğini seçin"
"product.gallery.selectedWithImage";"Productdetail · Fotogalerij · selectiemelding met foto";"true";"{label} geselecteerd. Afbeelding {index} van {total}.";"{label} sélectionné. Image {index} de {total}.";"{label} selected. Image {index} of {total}.";"{label} ausgewählt. Bild {index} von {total}.";"{label} seleccionado. Imagen {index} de {total}.";"Wybrano {label}. Obraz {index} z {total}.";"{label} selecionado. Imagem {index} de {total}.";"{label} seçildi. Görsel {index}/{total}."
"product.gallery.selectedWithoutImage";"Productdetail · Fotogalerij · selectiemelding zonder foto";"true";"{label} geselecteerd. Vraag Enrosed naar een actuele afbeelding van deze selectie.";"{label} sélectionné. Demandez à Enrosed une image actuelle de cette sélection.";"{label} selected. Ask Enrosed for a current image of this selection.";"{label} ausgewählt. Fragen Sie Enrosed nach einem aktuellen Bild dieser Auswahl.";"{label} seleccionado. Solicite a Enrosed una imagen actual de esta selección.";"Wybrano {label}. Zapytaj Enrosed o aktualne zdjęcie tego wariantu.";"{label} selecionado. Peça à Enrosed uma imagem atual desta seleção.";"{label} seçildi. Bu seçime ait güncel bir görseli Enrosed'dan isteyin."
"quote.hero.label";"Offerte · Hero · bovenlabel";"true";"Groothandelsofferte";"Devis grossiste";"Wholesale quote";"Großhandelsangebot";"Presupuesto mayorista";"Oferta hurtowa";"Orçamento para grossistas";"Toptan satış teklifi"
"quote.hero.title";"Offerte · Hero · titel";"true";"Stel uw Enrosed-assortiment samen.";"Composez votre gamme Enrosed.";"Build your Enrosed range.";"Stellen Sie Ihr Enrosed-Sortiment zusammen.";"Configure su gama Enrosed.";"Skomponuj swój asortyment Enrosed.";"Crie a sua gama Enrosed.";"Enrosed ürün grubunuzu oluşturun."
"quote.hero.intro";"Offerte · Hero · inleiding";"true";"Kies producten per volle doos, bekijk de geschatte leveringskosten en stuur één duidelijke aanvraag naar ons team.";"Choisissez les produits par carton complet, consultez les frais de livraison estimés et envoyez une demande claire à notre équipe.";"Choose products by the carton, check indicative delivery costs and send one clear request to our team.";"Wählen Sie Produkte in vollen Kartons, prüfen Sie die geschätzten Lieferkosten und senden Sie unserem Team eine übersichtliche Anfrage.";"Elija productos por cajas completas, consulte los costes de envío estimados y envíe una solicitud clara a nuestro equipo.";"Wybierz produkty w pełnych kartonach, sprawdź szacowane koszty dostawy i wyślij jedno przejrzyste zapytanie do naszego zespołu.";"Escolha produtos por caixas completas, consulte os custos de entrega estimados e envie um pedido claro à nossa equipa.";"Ürünleri tam karton olarak seçin, tahmini teslimat maliyetlerini inceleyin ve ekibimize tek bir açık talep gönderin."
"quote.hero.priceBasis";"Offerte · Hero · price basis";"true";"Prijzen per stuk in EUR, exclusief BTW en levering.";"Prix par pièce en EUR, hors TVA et livraison.";"Prices per piece in EUR, excluding VAT and delivery.";"Stückpreise in EUR, ohne MwSt. und Lieferung.";"Precios por unidad en EUR, sin IVA ni envío.";"Ceny za sztukę w EUR, bez VAT i dostawy.";"Preços por unidade em EUR, sem IVA nem entrega.";"Adet fiyatları EUR cinsindendir; KDV ve teslimat hariçtir."
"quote.steps.products";"Offerte · steps · Producten";"true";"1 · Producten";"1 · Produits";"1 · Products";"1 · Produkte";"1 · Productos";"1 · Produkty";"1 · Produtos";"1 · Ürünler"
"quote.steps.delivery";"Offerte · steps · delivery";"true";"2 · Levering";"2 · Livraison";"2 · Delivery";"2 · Lieferung";"2 · Envío";"2 · Dostawa";"2 · Entrega";"2 · Teslimat"
"quote.steps.company";"Offerte · steps · Bedrijf";"true";"3 · Bedrijf";"3 · Entreprise";"3 · Company";"3 · Unternehmen";"3 · Empresa";"3 · Firma";"3 · Empresa";"3 · Şirket"
"quote.search.label";"Offerte · search · bovenlabel";"true";"Zoek een product";"Rechercher un produit";"Find a product";"Produkt suchen";"Buscar un producto";"Znajdź produkt";"Procurar um produto";"Ürün bulun"
"quote.search.placeholder";"Offerte · search · placeholder";"true";"Zoek op product, kleur of SKU";"Rechercher par produit, couleur ou SKU";"Search by product, colour or SKU";"Nach Produkt, Farbe oder SKU suchen";"Buscar por producto, color o SKU";"Szukaj według produktu, koloru lub SKU";"Pesquisar por produto, cor ou SKU";"Ürün, renk veya SKU ile arayın"
"quote.search.all";"Offerte · search · all";"true";"Alle collecties";"Toutes les collections";"All collections";"Alle Kollektionen";"Todas las colecciones";"Wszystkie kolekcje";"Todas as coleções";"Tüm koleksiyonlar"
"quote.search.noResults";"Offerte · search · no results";"true";"Geen producten gevonden voor uw zoekopdracht.";"Aucun produit ne correspond à votre recherche.";"No products match your search.";"Keine Produkte entsprechen Ihrer Suche.";"Ningún producto coincide con su búsqueda.";"Brak produktów pasujących do wyszukiwania.";"Nenhum produto corresponde à sua pesquisa.";"Aramanızla eşleşen ürün bulunamadı."
"quote.product.unitPrice";"Offerte · product · unit price";"true";"Per stuk";"Par pièce";"Per piece";"Pro Stück";"Por unidad";"Za sztukę";"Por unidade";"Adet fiyatı"
"quote.product.pricePending";"Offerte · product · price pending";"true";"Prijs wordt geladen";"Chargement du prix";"Loading price";"Preis wird geladen";"Cargando precio";"Wczytywanie ceny";"A carregar o preço";"Fiyat yükleniyor"
"quote.product.priceUnavailable";"Offerte · product · price unavailable";"true";"Prijs op aanvraag";"Prix sur demande";"Price on request";"Preis auf Anfrage";"Precio previa solicitud";"Cena na zapytanie";"Preço sob consulta";"Fiyat için bilgi alın"
"quote.product.unavailable";"Offerte · product · unavailable";"true";"Niet beschikbaar voor een online offerteaanvraag";"Non disponible pour une demande de devis en ligne";"Not available for online quotation";"Nicht für eine Online-Angebotsanfrage verfügbar";"No disponible para una solicitud de presupuesto en línea";"Produkt niedostępny w internetowym zapytaniu ofertowym";"Não disponível para pedido de orçamento online";"Çevrimiçi teklif talebi için mevcut değil"
"quote.product.sku";"Offerte · product · sku";"true";"SKU";"SKU";"SKU";"SKU";"SKU";"SKU";"SKU";"SKU"
"quote.product.piecesPerCarton";"Offerte · product · pieces per carton";"true";"Stuks per doos: {count}";"Pièces par carton : {count}";"Pieces per carton: {count}";"Stück pro Karton: {count}";"Unidades por caja: {count}";"Sztuk w kartonie: {count}";"Unidades por caixa: {count}";"Karton başına adet: {count}"
"quote.product.cartonCalculation";"Offerte · product · carton calculation";"true";"Dozen: {cartons} × {piecesPerCarton} stuks = {totalPieces} stuks";"Cartons : {cartons} × {piecesPerCarton} pièces = {totalPieces} pièces";"Cartons: {cartons} × {piecesPerCarton} pieces = {totalPieces} pieces";"Kartons: {cartons} × {piecesPerCarton} Stück = {totalPieces} Stück";"Cajas: {cartons} × {piecesPerCarton} unidades = {totalPieces} unidades";"Kartony: {cartons} × {piecesPerCarton} sztuk = {totalPieces} sztuk";"Caixas: {cartons} × {piecesPerCarton} unidades = {totalPieces} unidades";"Karton: {cartons} × {piecesPerCarton} adet = {totalPieces} adet"
"quote.product.cartons";"Offerte · product · cartons";"true";"Dozen";"Cartons";"Cartons";"Kartons";"Cajas";"Kartony";"Caixas";"Karton"
"quote.product.quantity";"Offerte · product · quantity";"true";"Aantal dozen";"Nombre de cartons";"Number of cartons";"Anzahl Kartons";"Número de cajas";"Liczba kartonów";"Número de caixas";"Karton sayısı"
"quote.product.decrease";"Offerte · product · decrease";"true";"Eén doos {product} verwijderen";"Retirer un carton de {product}";"Remove one carton of {product}";"Einen Karton {product} entfernen";"Quitar una caja de {product}";"Usuń jeden karton produktu {product}";"Retirar uma caixa de {product}";"{product} ürününden bir karton çıkarın"
"quote.product.increase";"Offerte · product · increase";"true";"Eén doos {product} toevoegen";"Ajouter un carton de {product}";"Add one carton of {product}";"Einen Karton {product} hinzufügen";"Añadir una caja de {product}";"Dodaj jeden karton produktu {product}";"Adicionar uma caixa de {product}";"{product} ürününden bir karton ekleyin"
"quote.product.standard";"Offerte · product · standard";"true";"Standaard";"Standard";"Standard";"Standard";"Estándar";"Standard";"Padrão";"Standart"
"quote.summary.title";"Offerte · summary · titel";"true";"Uw offerte";"Votre devis";"Your quote";"Ihr Angebot";"Su presupuesto";"Twoja oferta";"O seu orçamento";"Teklifiniz"
"quote.summary.empty";"Offerte · summary · empty";"true";"Kies producten om uw offerte samen te stellen.";"Choisissez des produits pour composer votre devis.";"Choose products to build your quote.";"Wählen Sie Produkte aus, um Ihr Angebot zusammenzustellen.";"Elija productos para preparar su presupuesto.";"Wybierz produkty, aby przygotować ofertę.";"Escolha produtos para preparar o seu orçamento.";"Teklifinizi oluşturmak için ürün seçin."
"quote.summary.selected";"Offerte · summary · selected";"true";"Geselecteerde producten";"Produits sélectionnés";"Selected products";"Ausgewählte Produkte";"Productos seleccionados";"Wybrane produkty";"Produtos selecionados";"Seçilen ürünler"
"quote.summary.subtotal";"Offerte · summary · subtotal";"true";"Subtotaal producten";"Sous-total des produits";"Goods subtotal";"Zwischensumme Waren";"Subtotal de productos";"Suma częściowa produktów";"Subtotal dos produtos";"Ürün ara toplamı"
"quote.summary.shipping";"Offerte · summary · shipping";"true";"Levering";"Livraison";"Delivery";"Lieferung";"Envío";"Dostawa";"Entrega";"Teslimat"
"quote.summary.shippingPending";"Offerte · summary · shipping pending";"true";"Vul uw bestemming in voor een schatting van de leveringskosten.";"Indiquez votre destination pour obtenir une estimation des frais de livraison.";"Enter your destination for a delivery estimate.";"Geben Sie den Zielort ein, um die Lieferkosten zu schätzen.";"Indique el destino para obtener una estimación de los costes de envío.";"Podaj miejsce docelowe, aby oszacować koszt dostawy.";"Indique o destino para obter uma estimativa dos custos de entrega.";"Teslimat tahmini için varış yerini girin."
"quote.summary.vat";"Offerte · summary · btw-nummer";"true";"BTW";"TVA";"VAT";"MwSt.";"IVA";"VAT";"IVA";"KDV"
"quote.summary.total";"Offerte · summary · total";"true";"Geschat totaal";"Total estimé";"Estimated total";"Geschätzter Gesamtbetrag";"Total estimado";"Szacowana suma";"Total estimado";"Tahmini toplam"
"quote.summary.netNote";"Offerte · summary · net note";"true";"Indicatieve nettoprijzen. De definitieve prijs, voorraad en levering worden in uw offerte bevestigd.";"Prix nets indicatifs. Le prix définitif, le stock et la livraison sont confirmés dans votre devis.";"Indicative net prices. Final price, stock and delivery are confirmed in your quotation.";"Unverbindliche Nettopreise. Endpreis, Bestand und Lieferung werden in Ihrem Angebot bestätigt.";"Precios netos orientativos. El precio definitivo, el stock y el envío se confirman en el presupuesto.";"Orientacyjne ceny netto. Ostateczna cena, dostępność i dostawa zostaną potwierdzone w ofercie.";"Preços líquidos indicativos. O preço final, o stock e a entrega são confirmados no orçamento.";"Tahmini net fiyatlardır. Nihai fiyat, stok ve teslimat teklifinizde teyit edilir."
"quote.summary.view";"Offerte · summary · view";"true";"Offerte bekijken";"Voir le devis";"View quote";"Angebot ansehen";"Ver presupuesto";"Zobacz ofertę";"Ver orçamento";"Teklifi görüntüleyin"
"quote.summary.toConfirm";"Offerte · summary · to confirm";"true";"Te bevestigen";"À confirmer";"To confirm";"Noch zu bestätigen";"Por confirmar";"Do potwierdzenia";"A confirmar";"Teyit edilecek"
"quote.summary.reviewRequired";"Offerte · summary · review required";"true";"Enrosed moet enkele prijzen, doosgegevens of bezorgkosten nog controleren.";"Enrosed doit encore vérifier certains prix, détails de carton ou frais de livraison.";"Some prices, carton details or delivery costs still need Enrosed review.";"Einige Preise, Kartonangaben oder Lieferkosten müssen noch von Enrosed geprüft werden.";"Enrosed aún debe revisar algunos precios, datos de las cajas o gastos de entrega.";"Enrosed musi jeszcze sprawdzić niektóre ceny, dane kartonów lub koszty dostawy.";"A Enrosed ainda tem de verificar alguns preços, dados das caixas ou custos de entrega.";"Enrosed bazı fiyatları, karton bilgilerini veya teslimat ücretlerini henüz kontrol etmelidir."
"quote.summary.minimumReview";"Offerte · summary · minimum review";"true";"Minimum voor deze bestemming: {minimum}. Nog nodig: {shortfall}. U kunt deze aanvraag toch ter beoordeling versturen.";"Minimum pour cette destination : {minimum}. Montant restant : {shortfall}. Vous pouvez néanmoins envoyer cette demande pour examen.";"Minimum for this destination: {minimum}. Current shortfall: {shortfall}. You may still send this request for review.";"Mindestwert für dieses Ziel: {minimum}. Fehlbetrag: {shortfall}. Sie können die Anfrage dennoch zur Prüfung senden.";"Mínimo para este destino: {minimum}. Importe pendiente: {shortfall}. Aun así, puede enviar la solicitud para su revisión.";"Minimum dla tego miejsca dostawy: {minimum}. Brakująca kwota: {shortfall}. Można mimo to wysłać zapytanie do weryfikacji.";"Mínimo para este destino: {minimum}. Valor em falta: {shortfall}. Pode ainda enviar o pedido para análise.";"Bu varış noktası için minimum tutar: {minimum}. Eksik tutar: {shortfall}. Talebi yine de inceleme için gönderebilirsiniz."
"quote.summary.vatProvisional";"Offerte · summary · vat provisional";"true";"De btw is voorlopig totdat de bedrijfs- en btw-gegevens zijn gecontroleerd.";"La TVA est provisoire jusqu’à vérification des informations de l’entreprise et du numéro de TVA.";"VAT is provisional until the company and VAT details are checked.";"Die Mehrwertsteuer ist vorläufig, bis die Unternehmens- und Umsatzsteuerangaben geprüft wurden.";"El IVA es provisional hasta que se comprueben los datos de la empresa y del IVA.";"Podatek VAT ma charakter tymczasowy do czasu sprawdzenia danych firmy i numeru VAT.";"O IVA é provisório até serem verificados os dados da empresa e de IVA.";"KDV, şirket ve KDV bilgileri kontrol edilene kadar geçicidir."
"quote.delivery.title";"Offerte · delivery · titel";"true";"Levering of afhaling";"Livraison ou retrait";"Delivery or collection";"Lieferung oder Abholung";"Envío o recogida";"Dostawa lub odbiór";"Entrega ou recolha";"Teslimat veya teslim alma"
"quote.delivery.intro";"Offerte · delivery · inleiding";"true";"Kies afhaling of vul de leveringsbestemming in.";"Choisissez le retrait ou indiquez la destination de livraison.";"Choose collection or enter the delivery destination.";"Wählen Sie Abholung oder geben Sie den Lieferort ein.";"Elija recogida o indique el destino del envío.";"Wybierz odbiór lub podaj miejsce dostawy.";"Escolha a recolha ou indique o destino da entrega.";"Teslim alma seçeneğini belirleyin veya teslimat adresini girin."
"quote.delivery.fulfillment";"Offerte · delivery · fulfillment";"true";"Levering of afhaling";"Mode de livraison ou de retrait";"Fulfilment method";"Liefer- oder Abholart";"Modalidad de envío o recogida";"Sposób dostawy lub odbioru";"Modalidade de entrega ou recolha";"Teslimat veya teslim alma yöntemi"
"quote.delivery.delivery";"Offerte · delivery · delivery";"true";"Levering";"Livraison";"Delivery";"Lieferung";"Envío";"Dostawa";"Entrega";"Teslimat"
"quote.delivery.pickup";"Offerte · delivery · pickup";"true";"Afhaling";"Retrait";"Collection";"Abholung";"Recogida";"Odbiór";"Recolha";"Teslim alma"
"quote.delivery.country";"Offerte · delivery · country";"true";"Land";"Pays";"Country";"Land";"País";"Kraj";"País";"Ülke"
"quote.delivery.postalCode";"Offerte · delivery · postal code";"true";"Postcode";"Code postal";"Postcode";"Postleitzahl";"Código postal";"Kod pocztowy";"Código postal";"Posta kodu"
"quote.delivery.city";"Offerte · delivery · city";"true";"Plaats";"Ville";"City";"Ort";"Localidad";"Miejscowość";"Localidade";"Şehir"
"quote.delivery.address";"Offerte · delivery · adres";"true";"Leveringsadres";"Adresse de livraison";"Delivery address";"Lieferadresse";"Dirección de envío";"Adres dostawy";"Morada de entrega";"Teslimat adresi"
"quote.delivery.estimate";"Offerte · delivery · estimate";"true";"Levering berekenen";"Calculer la livraison";"Calculate delivery";"Lieferkosten berechnen";"Calcular el envío";"Oblicz koszt dostawy";"Calcular a entrega";"Teslimatı hesaplayın"
"quote.delivery.estimating";"Offerte · delivery · estimating";"true";"Wordt berekend";"Calcul en cours";"Calculating";"Wird berechnet";"Calculando";"Obliczanie";"A calcular";"Hesaplanıyor"
"quote.delivery.unavailable";"Offerte · delivery · unavailable";"true";"De levering wordt in uw offerte bevestigd.";"La livraison sera confirmée dans votre devis.";"Delivery will be confirmed in your quotation.";"Die Lieferung wird in Ihrem Angebot bestätigt.";"El envío se confirmará en el presupuesto.";"Dostawa zostanie potwierdzona w ofercie.";"A entrega será confirmada no orçamento.";"Teslimat, teklifinizde teyit edilecektir."
"quote.company.title";"Offerte · Bedrijf · titel";"true";"Bedrijfsgegevens";"Coordonnées de l’entreprise";"Company details";"Unternehmensdaten";"Datos de la empresa";"Dane firmy";"Dados da empresa";"Şirket bilgileri"
"quote.company.intro";"Offerte · Bedrijf · inleiding";"true";"Geef aan voor welk bedrijf de offerte is en hoe we u kunnen bereiken.";"Indiquez à quelle entreprise le devis est destiné et comment nous pouvons vous joindre.";"Tell us who the quotation is for and where we can reach you.";"Teilen Sie uns mit, für welches Unternehmen das Angebot bestimmt ist und wie wir Sie erreichen können.";"Indique para qué empresa es el presupuesto y cómo podemos contactar con usted.";"Podaj firmę, dla której przygotowujemy ofertę, oraz dane kontaktowe.";"Indique a empresa a que se destina o orçamento e como podemos entrar em contacto.";"Teklifin hangi şirket için olduğunu ve size nasıl ulaşabileceğimizi belirtin."
"quote.company.companyName";"Offerte · Bedrijf · company name";"true";"Bedrijfsnaam";"Nom de l’entreprise";"Company name";"Unternehmensname";"Nombre de la empresa";"Nazwa firmy";"Nome da empresa";"Şirket adı"
"quote.company.country";"Offerte · Bedrijf · country";"true";"Land van het bedrijf";"Pays de l’entreprise";"Company country";"Land des Unternehmens";"País de la empresa";"Kraj firmy";"País da empresa";"Şirketin ülkesi"
"quote.company.vatNumber";"Offerte · Bedrijf · btw-nummer";"true";"BTW-nummer";"Numéro de TVA";"VAT number";"Umsatzsteuer-Identifikationsnummer";"Número de IVA";"Numer VAT";"Número de IVA";"KDV numarası"
"quote.company.vatOptional";"Offerte · Bedrijf · vat optional";"true";"Optioneel. Enrosed controleert de BTW-behandeling.";"Facultatif. Enrosed vérifie le traitement de la TVA.";"Optional. VAT treatment is checked by Enrosed.";"Optional. Enrosed prüft die umsatzsteuerliche Behandlung.";"Opcional. Enrosed comprueba el tratamiento del IVA.";"Opcjonalnie. Enrosed sprawdza sposób rozliczenia VAT.";"Opcional. A Enrosed verifica o tratamento do IVA.";"İsteğe bağlıdır. KDV uygulaması Enrosed tarafından kontrol edilir."
"quote.company.contactName";"Offerte · Bedrijf · contact name";"true";"Naam contactpersoon";"Nom du contact";"Contact name";"Name der Ansprechperson";"Nombre de contacto";"Imię i nazwisko osoby kontaktowej";"Nome do contacto";"İrtibat kişisinin adı"
"quote.company.email";"Offerte · Bedrijf · e-mailadres";"true";"Zakelijk e-mailadres";"E-mail professionnel";"Business email";"Geschäftliche E-Mail-Adresse";"Correo electrónico profesional";"Firmowy adres e-mail";"E-mail profissional";"İş e-posta adresi"
"quote.company.phone";"Offerte · Bedrijf · telefoonnummer";"true";"Telefoon";"Téléphone";"Telephone";"Telefon";"Teléfono";"Telefon";"Telefone";"Telefon"
"quote.company.notes";"Offerte · Bedrijf · notes";"true";"Opmerkingen";"Remarques";"Notes";"Anmerkungen";"Notas";"Uwagi";"Observações";"Notlar"
"quote.company.notesPlaceholder";"Offerte · Bedrijf · notes placeholder";"true";"Kleuren, gewenste datum, private label of andere wensen";"Couleurs, date souhaitée, marque propre ou autres exigences";"Colours, required date, private label or other requirements";"Farben, Wunschtermin, Eigenmarke oder weitere Anforderungen";"Colores, fecha deseada, marca propia u otros requisitos";"Kolory, oczekiwany termin, marka własna lub inne wymagania";"Cores, data pretendida, marca própria ou outros requisitos";"Renkler, istenen tarih, özel marka veya diğer gereksinimler"
"quote.submit.cta";"Offerte · submit · knoptekst";"true";"Offerteaanvraag versturen";"Envoyer la demande de devis";"Send quote request";"Angebotsanfrage senden";"Enviar solicitud de presupuesto";"Wyślij zapytanie ofertowe";"Enviar pedido de orçamento";"Teklif talebini gönderin"
"quote.submit.sending";"Offerte · submit · sending";"true";"Aanvraag wordt verstuurd";"Envoi de la demande";"Sending request";"Anfrage wird gesendet";"Enviando solicitud";"Wysyłanie zapytania";"A enviar o pedido";"Talep gönderiliyor"
"quote.submit.successTitle";"Offerte · submit · success title";"true";"Aanvraag ontvangen";"Demande reçue";"Request received";"Anfrage erhalten";"Solicitud recibida";"Zapytanie zostało przyjęte";"Pedido recebido";"Talep alındı"
"quote.submit.successBody";"Offerte · submit · success body";"true";"Uw referentie is {reference}. Enrosed controleert de beschikbaarheid en stuurt u de definitieve offerte.";"Votre référence est {reference}. Enrosed vérifiera la disponibilité et vous enverra le devis définitif.";"Your reference is {reference}. Enrosed will review availability and send the final quotation.";"Ihre Referenz lautet {reference}. Enrosed prüft die Verfügbarkeit und sendet Ihnen das endgültige Angebot.";"Su referencia es {reference}. Enrosed comprobará la disponibilidad y le enviará el presupuesto definitivo.";"Numer referencyjny: {reference}. Enrosed sprawdzi dostępność i prześle ostateczną ofertę.";"A sua referência é {reference}. A Enrosed verificará a disponibilidade e enviará o orçamento final.";"Referansınız {reference}. Enrosed stok durumunu kontrol edecek ve nihai teklifi gönderecektir."
"quote.submit.error";"Offerte · submit · error";"true";"We konden uw aanvraag niet versturen. Controleer de velden en probeer opnieuw.";"Nous n’avons pas pu envoyer votre demande. Vérifiez les champs et réessayez.";"We could not send your request. Please check the fields and try again.";"Ihre Anfrage konnte nicht gesendet werden. Prüfen Sie die Felder und versuchen Sie es erneut.";"No hemos podido enviar su solicitud. Revise los campos e inténtelo de nuevo.";"Nie udało się wysłać zapytania. Sprawdź pola i spróbuj ponownie.";"Não foi possível enviar o pedido. Verifique os campos e tente novamente.";"Talebiniz gönderilemedi. Alanları kontrol edip tekrar deneyin."
"quote.submit.notOrder";"Offerte · submit · not order";"true";"Deze aanvraag is geen bestelling. Prijzen, voorraad, dozen, BTW en levering moeten nog door Enrosed worden bevestigd.";"Cette demande ne constitue pas une commande. Les prix, le stock, les cartons, la TVA et la livraison restent soumis à la confirmation d’Enrosed.";"This request is not an order. Prices, stock, cartons, VAT and delivery remain subject to Enrosed confirmation.";"Diese Anfrage ist keine Bestellung. Preise, Bestand, Kartons, Umsatzsteuer und Lieferung müssen von Enrosed bestätigt werden.";"Esta solicitud no constituye un pedido. Los precios, el stock, las cajas, el IVA y el envío están sujetos a la confirmación de Enrosed.";"To zapytanie nie jest zamówieniem. Ceny, dostępność, kartony, VAT i dostawa wymagają potwierdzenia przez Enrosed.";"Este pedido de orçamento não constitui uma encomenda. Os preços, o stock, as caixas, o IVA e a entrega estão sujeitos a confirmação da Enrosed.";"Bu talep bir sipariş değildir. Fiyatlar, stok, kartonlar, KDV ve teslimat Enrosed onayına tabidir."
"quote.submit.privacy";"Offerte · submit · Privacybeleid";"true";"Uw gegevens worden gebruikt om deze offerte op te stellen en op te volgen. Lees ons privacybeleid.";"Vos données sont utilisées pour préparer et suivre ce devis. Consultez notre politique de confidentialité.";"Your details are used to prepare and follow up this quotation. Read our privacy policy.";"Ihre Daten werden zur Erstellung und Nachverfolgung dieses Angebots verwendet. Lesen Sie unsere Datenschutzerklärung.";"Sus datos se utilizan para preparar y gestionar este presupuesto. Consulte nuestra política de privacidad.";"Twoje dane zostaną wykorzystane do przygotowania i obsługi tej oferty. Zapoznaj się z naszą polityką prywatności.";"Os seus dados são utilizados para preparar e acompanhar este orçamento. Consulte a nossa política de privacidade.";"Bilgileriniz bu teklifi hazırlamak ve takip etmek için kullanılır. Gizlilik politikamızı okuyun."
"quote.error.validation";"Offerte · error · validation";"true";"Sommige gegevens vragen aandacht. Controleer het gemarkeerde onderdeel en probeer opnieuw.";"Certaines informations nécessitent votre attention. Vérifiez la section signalée et réessayez.";"Some details need attention. Review the highlighted section and try again.";"Einige Angaben müssen geprüft werden. Kontrollieren Sie den markierten Bereich und versuchen Sie es erneut.";"Algunos datos requieren atención. Revise la sección señalada e inténtelo de nuevo.";"Niektóre dane wymagają uwagi. Sprawdź zaznaczoną sekcję i spróbuj ponownie.";"Alguns dados requerem atenção. Reveja a secção assinalada e tente novamente.";"Bazı bilgiler kontrol edilmelidir. İşaretli bölümü gözden geçirip yeniden deneyin."
"quote.error.rateLimited";"Offerte · error · rate limited";"true";"Te veel pogingen. Wacht even voordat u opnieuw probeert. Opnieuw proberen over {seconds} s.";"Trop de tentatives. Patientez avant de réessayer. Nouvelle tentative dans {seconds} s.";"Too many attempts. Please wait before trying again. Retry in {seconds} s.";"Zu viele Versuche. Bitte warten Sie, bevor Sie es erneut versuchen. Neuer Versuch in {seconds} s.";"Demasiados intentos. Espere antes de volver a intentarlo. Nuevo intento en {seconds} s.";"Zbyt wiele prób. Zaczekaj przed ponowną próbą. Ponowna próba za {seconds} s.";"Demasiadas tentativas. Aguarde antes de tentar novamente. Nova tentativa dentro de {seconds} s.";"Çok fazla deneme yapıldı. Yeniden denemeden önce bekleyin. {seconds} sn sonra yeniden deneyin."
"quote.error.payloadTooLarge";"Offerte · error · payload too large";"true";"Deze aanvraag is te groot. Verkort de opmerkingen of verwijder enkele productregels en probeer opnieuw.";"Cette demande est trop volumineuse. Raccourcissez les remarques ou retirez quelques lignes de produits, puis réessayez.";"This request is too large. Shorten the notes or remove some product lines, then try again.";"Diese Anfrage ist zu groß. Kürzen Sie die Anmerkungen oder entfernen Sie einige Produktpositionen und versuchen Sie es erneut.";"Esta solicitud es demasiado grande. Acorte las notas o elimine algunas líneas de producto y vuelva a intentarlo.";"To zapytanie jest zbyt duże. Skróć uwagi lub usuń kilka pozycji produktów i spróbuj ponownie.";"Este pedido é demasiado grande. Reduza as observações ou remova algumas linhas de produtos e tente novamente.";"Bu talep çok büyük. Notları kısaltın veya bazı ürün satırlarını kaldırıp yeniden deneyin."
"quote.error.reviewRequired";"Offerte · error · review required";"true";"Deze aanvraag moet handmatig worden gecontroleerd en kon niet automatisch worden verzonden. Probeer nog één keer of neem contact op met Enrosed.";"Cette demande nécessite un contrôle manuel et n’a pas pu être envoyée automatiquement. Réessayez une fois ou contactez Enrosed.";"This request needs manual review and could not be sent automatically. Try again once or contact Enrosed.";"Diese Anfrage muss manuell geprüft werden und konnte nicht automatisch gesendet werden. Versuchen Sie es noch einmal oder kontaktieren Sie Enrosed.";"Esta solicitud necesita una revisión manual y no se pudo enviar automáticamente. Inténtelo una vez más o contacte con Enrosed.";"To zapytanie wymaga ręcznej weryfikacji i nie mogło zostać wysłane automatycznie. Spróbuj jeszcze raz lub skontaktuj się z Enrosed.";"Este pedido requer análise manual e não pôde ser enviado automaticamente. Tente mais uma vez ou contacte a Enrosed.";"Bu talep manuel inceleme gerektiriyor ve otomatik olarak gönderilemedi. Bir kez daha deneyin veya Enrosed ile iletişime geçin."
"quote.error.network";"Offerte · error · network";"true";"De verbinding werd onderbroken. Controleer uw internetverbinding en probeer opnieuw; uw selectie is bewaard.";"La connexion a été interrompue. Vérifiez votre connexion internet et réessayez; votre sélection est conservée.";"The connection was interrupted. Check your internet connection and try again; your selections are still here.";"Die Verbindung wurde unterbrochen. Prüfen Sie Ihre Internetverbindung und versuchen Sie es erneut; Ihre Auswahl bleibt erhalten.";"Se interrumpió la conexión. Compruebe su conexión a internet y vuelva a intentarlo; su selección se ha conservado.";"Połączenie zostało przerwane. Sprawdź połączenie z internetem i spróbuj ponownie; wybór został zachowany.";"A ligação foi interrompida. Verifique a ligação à internet e tente novamente; a sua seleção foi guardada.";"Bağlantı kesildi. İnternet bağlantınızı kontrol edip yeniden deneyin; seçimleriniz korunmuştur."
"quote.error.contact";"Offerte · error · contact";"true";"Contact opnemen met Enrosed";"Contacter Enrosed";"Contact Enrosed";"Enrosed kontaktieren";"Contactar con Enrosed";"Skontaktuj się z Enrosed";"Contactar a Enrosed";"Enrosed ile iletişime geçin"
"quote.validation.products";"Offerte · validation · Producten";"true";"Kies minstens één product.";"Choisissez au moins un produit.";"Choose at least one product.";"Wählen Sie mindestens ein Produkt aus.";"Elija al menos un producto.";"Wybierz co najmniej jeden produkt.";"Escolha pelo menos um produto.";"En az bir ürün seçin."
"quote.validation.delivery";"Offerte · validation · delivery";"true";"Vul de leveringsgegevens volledig in.";"Complétez les informations de livraison.";"Complete the delivery details.";"Vervollständigen Sie die Lieferangaben.";"Complete los datos de envío.";"Uzupełnij dane dostawy.";"Preencha os dados de entrega.";"Teslimat bilgilerini tamamlayın."
"quote.validation.company";"Offerte · validation · Bedrijf";"true";"Vul de verplichte bedrijfs- en contactgegevens in.";"Complétez les champs obligatoires relatifs à l’entreprise et au contact.";"Complete the required company and contact fields.";"Füllen Sie die Pflichtfelder zu Unternehmen und Kontakt aus.";"Complete los campos obligatorios de empresa y contacto.";"Uzupełnij wymagane dane firmy i osoby kontaktowej.";"Preencha os campos obrigatórios da empresa e do contacto.";"Zorunlu şirket ve iletişim alanlarını doldurun."
"quote.status.loading";"Offerte · status · laadmelding";"true";"Actuele groothandelsprijzen worden geladen";"Chargement des prix grossistes actuels";"Loading current trade prices";"Aktuelle Großhandelspreise werden geladen";"Cargando precios mayoristas actuales";"Wczytywanie aktualnych cen hurtowych";"A carregar os preços atuais para grossistas";"Güncel toptan satış fiyatları yükleniyor"
"quote.status.loadError";"Offerte · status · load error";"true";"De actuele prijzen konden niet worden geladen.";"Les prix actuels n’ont pas pu être chargés.";"Current pricing could not be loaded.";"Die aktuellen Preise konnten nicht geladen werden.";"No se han podido cargar los precios actuales.";"Nie udało się wczytać aktualnych cen.";"Não foi possível carregar os preços atuais.";"Güncel fiyatlar yüklenemedi."
"quote.status.retry";"Offerte · status · retry";"true";"Opnieuw proberen";"Réessayer";"Try again";"Erneut versuchen";"Volver a intentarlo";"Spróbuj ponownie";"Tentar novamente";"Tekrar deneyin"
"notFound.label";"404-pagina · bovenlabel";"true";"Pagina niet gevonden";"Page introuvable";"Page not found";"Seite nicht gefunden";"Página no encontrada";"Nie znaleziono strony";"Página não encontrada";"Sayfa bulunamadı"
"notFound.title";"404-pagina · titel";"true";"Deze roos is verhuisd.";"Cette rose a bougé.";"This rose has moved.";"Diese Rose ist umgezogen.";"Esta rosa se ha movido.";"Ta róża się poruszyła.";"Esta rosa moveu-se.";"Bu gül hareket etti."
"notFound.description";"404-pagina · beschrijving";"true";"De door u opgevraagde pagina bestaat niet meer of het adres is onvolledig.";"La page que vous avez demandée n'est plus ici ou l'adresse est incomplète.";"The page you requested is no longer here or the address is incomplete.";"Die von Ihnen angeforderte Seite ist nicht mehr hier oder die Adresse ist unvollständig.";"La página que solicitó ya no está aquí o la dirección está incompleta.";"Żądanej strony już nie ma lub adres jest niekompletny.";"A página solicitada já não se encontra aqui ou o endereço está incompleto.";"İstediğiniz sayfa artık burada değil veya adres eksik."
"notFound.homeCta";"404-pagina · Homeknop";"true";"Terug naar de homepage";"Retour à l’accueil";"Return home";"Zur Startseite";"Volver al inicio";"Wróć na stronę główną";"Voltar ao início";"Ana sayfaya dön"
"notFound.productsCta";"404-pagina · Productenknop";"true";"Bekijk alle producten";"Voir tous les produits";"View all products";"Alle Produkte anzeigen";"Ver todos los productos";"Zobacz wszystkie produkty";"Ver todos os produtos";"Tüm ürünleri görüntüle"
"legal.common.label";"Juridische pagina’s · bovenlabel";"true";"Juridisch & informatie";"Mentions légales & informations";"Legal & information";"Rechtliches & Informationen";"Información legal";"Informacje prawne";"Informação legal";"Yasal bilgiler"
"legal.common.lastUpdated";"Juridische pagina’s · laatst bijgewerkt";"true";"Laatst bijgewerkt {date}";"Dernière mise à jour {date}";"Last updated {date}";"Letzte Aktualisierung {date}";"Última actualización {date}";"Ostatnia aktualizacja {date}";"Última atualização {date}";"Son güncelleme {date}"
"legal.common.onThisPage";"Juridische pagina’s · titel van inhoudsopgave";"true";"Op deze pagina";"Sur cette page";"On this page";"Auf dieser Seite";"En esta página";"Na tej stronie";"Nesta página";"Bu sayfada"
"legal.common.onThisPageAria";"Juridische pagina’s · toegankelijkheidslabel van inhoudsopgave";"true";"Inhoud van {title}";"Sommaire de {title}";"On this {title} page";"Inhalt von {title}";"Contenido de {title}";"Spis treści: {title}";"Conteúdo de {title}";"{title} içeriği"
"legal.common.quoteCta";"Juridische pagina’s · offerteknop";"true";"Vraag een offerte aan";"Demander un devis";"Request a quote";"Fordern Sie ein Angebot an";"Solicitar presupuesto";"Poproś o wycenę";"Pedir orçamento";"Fiyat teklifi isteyin"
"legal.notice.title";"Juridische informatie · titel";"true";"Juridische mededeling";"Mentions légales";"Legal notice";"Rechtlicher Hinweis";"Aviso legal";"Informacja prawna";"Aviso legal";"Yasal bildirim"
"legal.notice.description";"Juridische informatie · beschrijving";"true";"Bedrijfs-, uitgeverij- en website-informatie voor de Enrosed groothandelscatalogus en offerteomgeving.";"Informations sur la société, la publication et le site Web pour l'environnement de catalogue et de devis de vente en gros Enrosed.";"Company, publishing and website information for the Enrosed wholesale catalogue and quotation environment.";"Unternehmens-, Veröffentlichungs- und Website-Informationen für die Großhandelskatalog- und Angebotsumgebung Enrosed.";"Información de empresa, publicación y sitio web para el catálogo mayorista Enrosed y el entorno de presupuestos.";"Informacje o firmie, publikacjach i stronach internetowych dla katalogu hurtowego i środowiska ofertowego Enrosed.";"Informações sobre a empresa, a publicação e o website do catálogo grossista e do ambiente de pedidos de proposta da Enrosed.";"Enrosed toptan satış kataloğu ve teklif ortamı için şirket, yayıncılık ve web sitesi bilgileri."
"legal.notice.updated";"Juridische informatie · datum bijgewerkt";"true";"20 augustus 2026";"20 août 2026";"20 August 2026";"20. August 2026";"20 de agosto de 2026";"20 sierpnia 2026 r";"20 de agosto de 2026";"20 Ağustos 2026"
"legal.notice.publisher.toc";"Juridische informatie · Uitgever · label in inhoudsopgave";"true";"Uitgever";"Éditeur";"Publisher";"Herausgeber";"Editor";"Wydawca";"Editor";"Yayıncı"
"legal.notice.publisher.title";"Juridische informatie · Uitgever · titel";"true";"1. Website-uitgever";"1. Éditeur du site Web";"1. Website publisher";"1. Website-Herausgeber";"1. Editor del sitio web";"1. Wydawca strony internetowej";"1. Editor do site";"1. Web sitesi yayıncısı"
"legal.notice.publisher.legalEntity";"Juridische informatie · Uitgever · juridische entiteit";"true";"Rechtspersoon";"Personne morale";"Legal entity";"Juristische Person";"Entidad jurídica";"Osoba prawna";"Pessoa coletiva";"Tüzel kişilik"
"legal.notice.publisher.registeredAddress";"Juridische informatie · Uitgever · maatschappelijke zetel";"true";"Geregistreerd adres";"Adresse enregistrée";"Registered address";"Registrierte Adresse";"Dirección registrada";"Zarejestrowany adres";"Morada registada";"Kayıtlı adres"
"legal.notice.publisher.vatNumber";"Juridische informatie · Uitgever · btw-nummer";"true";"BTW-nummer";"Numéro de TVA";"VAT number";"Umsatzsteuer-Identifikationsnummer";"Número de IVA";"Numer VAT";"Número de IVA";"KDV numarası"
"legal.notice.publisher.email";"Juridische informatie · Uitgever · e-mailadres";"true";"E-mail";"E-mail";"Email";"E-Mail";"Correo electrónico";"E-mail";"E-mail";"E-posta"
"legal.notice.publisher.telephone";"Juridische informatie · Uitgever · telefoonnummer";"true";"Telefoon";"Téléphone";"Telephone";"Telefon";"Teléfono";"Telefon";"Telefone";"Telefon"
"legal.notice.purpose.toc";"Juridische informatie · Doel van de website · label in inhoudsopgave";"true";"Doel van de website";"Objectif du site Web";"Website purpose";"Zweck der Website";"Propósito del sitio web";"Cel witryny";"Finalidade do site";"Web sitesi amacı"
"legal.notice.purpose.title";"Juridische informatie · Doel van de website · titel";"true";"2. Doel van deze website";"2. Objet de ce site Web";"2. Purpose of this website";"2. Zweck dieser Website";"2. Objeto de este sitio web";"2. Cel tej strony internetowej";"2. Objetivo deste website";"2. Bu web sitesinin amacı"
"legal.notice.purpose.p1";"Juridische informatie · Doel van de website · alinea 1";"true";"Deze website presenteert Enrosed-producten en groothandelsinformatie voor bedrijven, waaronder groothandels, bloemisten en retailinkopers. De site ondersteunt productvergelijking en offerteaanvragen; het is geen online groothandelswebshop en brengt zelf geen verkoopovereenkomst tot stand.";"Ce site présente les produits Enrosed et des informations de vente en gros destinées aux entreprises, notamment aux grossistes, fleuristes et acheteurs du commerce de détail. Il permet de comparer les produits et de demander des devis ; il ne s’agit pas d’une boutique de gros en ligne et aucune vente n’y est conclue directement.";"This website presents Enrosed products and wholesale information to businesses, including wholesalers, florists and retail buyers. It supports product comparison and quotation requests; it is not an online wholesale checkout and does not itself conclude a sale.";"Diese Website präsentiert Enrosed-Produkte und Großhandelsinformationen für Unternehmen, darunter Großhändler, Floristen und Einzelhandelseinkäufer. Sie dient dem Produktvergleich und der Angebotsanfrage; sie ist kein Online-Großhandelsshop und schließt selbst keinen Kaufvertrag ab.";"Este sitio web presenta productos Enrosed e información mayorista para empresas, incluidos mayoristas, floristas y compradores minoristas. Permite comparar productos y solicitar presupuestos; no es una tienda mayorista en línea y no concluye por sí mismo ningún contrato de compraventa.";"Ta strona internetowa prezentuje produkty Enrosed i informacje hurtowe dla firm, w tym hurtowników, kwiaciarni i nabywców detalicznych. Umożliwia porównywanie produktów i składanie zapytań ofertowych; nie jest internetowym sklepem hurtowym i sama nie prowadzi do zawarcia umowy sprzedaży.";"Este website apresenta produtos Enrosed e informações de venda por grosso para empresas, incluindo grossistas, floristas e compradores de retalho. Permite comparar produtos e pedir propostas; não é uma loja grossista online e não conclui qualquer venda por si só.";"Bu web sitesi, toptancılar, çiçekçiler ve perakende alıcıları dâhil işletmelere Enrosed ürünlerini ve toptan satış bilgilerini sunar. Ürünleri karşılaştırmayı ve teklif istemeyi sağlar; çevrimiçi bir toptan mağaza değildir ve tek başına satış işlemini tamamlamaz."
"legal.notice.information.toc";"Juridische informatie · Productinformatie · label in inhoudsopgave";"true";"Productinformatie";"Informations sur le produit";"Product information";"Produktinformationen";"Información del producto";"Informacje o produkcie";"Informação do produto";"Ürün bilgileri"
"legal.notice.information.title";"Juridische informatie · Productinformatie · titel";"true";"3. Product- en commerciële informatie";"3. Informations produit et commerciales";"3. Product and commercial information";"3. Produkt- und Handelsinformationen";"3. Información comercial y de producto";"3. Informacje produktowe i handlowe";"3. Informação comercial e de produtos";"3. Ürün ve ticari bilgiler"
"legal.notice.information.p1";"Juridische informatie · Productinformatie · alinea 1";"true";"Enrosed besteedt redelijke zorg aan het voorbereiden van productafbeeldingen, beschrijvingen en afmetingen. Gepreserveerde botanische producten kunnen natuurlijke variaties vertonen, terwijl schermen van apparaten kleuren anders kunnen reproduceren.";"Enrosed prend un soin raisonnable lors de la préparation des images, des descriptions et des dimensions des produits. Les produits botaniques conservés peuvent présenter des variations naturelles, tandis que les écrans des appareils peuvent reproduire les couleurs différemment.";"Enrosed takes reasonable care when preparing product images, descriptions and dimensions. Preserved botanical products can show natural variation, while device screens can reproduce colours differently.";"Enrosed lässt bei der Erstellung von Produktbildern, Beschreibungen und Abmessungen angemessene Sorgfalt walten. Konservierte Pflanzenprodukte können natürliche Variationen aufweisen, während Gerätebildschirme Farben unterschiedlich wiedergeben können.";"Enrosed tiene un cuidado razonable al preparar imágenes, descripciones y dimensiones de productos. Los productos botánicos conservados pueden mostrar variaciones naturales, mientras que las pantallas de los dispositivos pueden reproducir los colores de manera diferente.";"Enrosed zachowuje należytą staranność podczas przygotowywania zdjęć produktów, opisów i wymiarów. Stabilizowane produkty botaniczne mogą wykazywać naturalne różnice, a ekrany urządzeń mogą odwzorowywać kolory w odmienny sposób.";"A Enrosed toma cuidados razoáveis na preparação das imagens, descrições e dimensões dos produtos. Os produtos botânicos preservados podem apresentar variações naturais e os ecrãs dos dispositivos podem reproduzir as cores de forma diferente.";"Enrosed, ürün resimlerini, açıklamalarını ve boyutlarını hazırlarken makul özeni gösterir. Korunmuş botanik ürünler doğal çeşitlilik gösterebilirken, cihaz ekranları renkleri farklı şekilde yeniden üretebilir."
"legal.notice.information.p2";"Juridische informatie · Productinformatie · alinea 2";"true";"Productbeschikbaarheid, kleur, verpakking, MOQ, doosconfiguratie, prijs, bezorgkosten en levertijd worden bevestigd in de toepasselijke offerte. Website-informatie kan zonder voorafgaande kennisgeving worden gecorrigeerd of bijgewerkt.";"La disponibilité du produit, la couleur, l'emballage, le MOQ, la configuration du carton, le prix, les frais de livraison et le délai de livraison sont confirmés dans le devis applicable. Les informations du site Web peuvent être corrigées ou mises à jour sans préavis.";"Product availability, colour, packaging, MOQ, carton configuration, price, delivery cost and lead time are confirmed in the applicable quotation. Website information can be corrected or updated without prior notice.";"Produktverfügbarkeit, Farbe, Verpackung, MOQ, Kartonkonfiguration, Preis, Lieferkosten und Lieferzeit werden im jeweiligen Angebot bestätigt. Die Informationen auf der Website können ohne vorherige Ankündigung korrigiert oder aktualisiert werden.";"La disponibilidad del producto, el color, el embalaje, el MOQ, la configuración de la caja, el precio, el coste de entrega y el plazo de entrega se confirman en el presupuesto correspondiente. La información del sitio web puede corregirse o actualizarse sin previo aviso.";"Dostępność produktu, kolor, opakowanie, MOQ, konfiguracja kartonu, cena, koszt dostawy i czas realizacji są potwierdzone w obowiązującej ofercie. Informacje zawarte na stronie internetowej mogą zostać poprawione lub zaktualizowane bez wcześniejszego powiadomienia.";"A disponibilidade do produto e da cor, a embalagem, o MOQ, a configuração da caixa, o preço, o custo de entrega e o prazo são confirmados no orçamento aplicável. As informações do website podem ser corrigidas ou atualizadas sem aviso prévio.";"Ürün bulunabilirliği, renk, ambalaj, MOQ, karton konfigürasyonu, fiyat, teslimat maliyeti ve teslim süresi geçerli fiyat teklifinde onaylanır. Web sitesi bilgileri önceden haber verilmeksizin düzeltilebilir veya güncellenebilir."
"legal.notice.intellectualProperty.toc";"Juridische informatie · Intellectueel eigendom · label in inhoudsopgave";"true";"Intellectueel eigendom";"Propriété intellectuelle";"Intellectual property";"Geistiges Eigentum";"Propiedad intelectual";"Własność intelektualna";"Propriedade intelectual";"Fikri mülkiyet"
"legal.notice.intellectualProperty.title";"Juridische informatie · Intellectueel eigendom · titel";"true";"4. Intellectueel eigendom";"4. Propriété intellectuelle";"4. Intellectual property";"4. Geistiges Eigentum";"4. Propiedad intelectual";"4. Własność intelektualna";"4. Propriedade intelectual";"4. Fikri mülkiyet"
"legal.notice.intellectualProperty.p1";"Juridische informatie · Intellectueel eigendom · alinea 1";"true";"De naam Enrosed, woordmerken, visuele identiteit, websiteontwerp, tekst, productfotografie en ander origineel materiaal worden beschermd door toepasselijke wetgeving op het gebied van intellectueel eigendom. Ze mogen niet worden gereproduceerd, opnieuw gepubliceerd, aangepast of commercieel gebruikt zonder voorafgaande schriftelijke toestemming, behalve waar de wet dit uitdrukkelijk toestaat.";"Le nom Enrosed, les marques verbales, l’identité visuelle, la conception du site web, les contenus, les photographies de produits et les autres éléments originaux sont protégés par les lois applicables en matière de propriété intellectuelle. Ils ne peuvent être reproduits, republiés, adaptés ou utilisés commercialement sans autorisation écrite préalable, sauf lorsque la loi l’autorise expressément.";"The Enrosed name, wordmarks, visual identity, website design, copy, product photography and other original materials are protected by applicable intellectual-property laws. They may not be reproduced, republished, adapted or used commercially without prior written permission, except where the law expressly permits it.";"Der Name Enrosed, die Wortmarken, die visuelle Identität, das Website-Design, die Texte, die Produktfotografie und andere Originalmaterialien sind durch die geltenden Gesetze zum Schutz des geistigen Eigentums geschützt. Sie dürfen ohne vorherige schriftliche Genehmigung nicht vervielfältigt, erneut veröffentlicht, angepasst oder kommerziell genutzt werden, außer wenn das Gesetz dies ausdrücklich erlaubt.";"El nombre Enrosed, las marcas denominativas, la identidad visual, el diseño del sitio web, los contenidos, las fotografías de productos y otros materiales originales están protegidos por las leyes de propiedad intelectual aplicables. No podrán reproducirse, volver a publicarse, adaptarse ni utilizarse comercialmente sin autorización previa por escrito, salvo cuando la ley lo permita expresamente.";"Nazwa Enrosed, znaki słowne, identyfikacja wizualna, projekt strony internetowej, treści, fotografie produktów i inne oryginalne materiały są chronione obowiązującymi przepisami prawa własności intelektualnej. Nie wolno ich powielać, ponownie publikować, modyfikować ani wykorzystywać komercyjnie bez uprzedniej pisemnej zgody, chyba że prawo wyraźnie na to zezwala.";"O nome Enrosed, as marcas nominativas, a identidade visual, o design do website, os textos, a fotografia de produto e outros materiais originais estão protegidos pela legislação aplicável em matéria de propriedade intelectual. Não podem ser reproduzidos, republicados, adaptados ou utilizados comercialmente sem autorização prévia por escrito, exceto quando a lei o permita expressamente.";"Enrosed adı, kelime markaları, görsel kimlik, web sitesi tasarımı, içerikler, ürün fotoğrafları ve diğer özgün materyaller yürürlükteki fikri mülkiyet mevzuatıyla korunmaktadır. Kanunun açıkça izin verdiği durumlar dışında, önceden yazılı izin alınmadan çoğaltılamaz, yeniden yayımlanamaz, uyarlanamaz veya ticari amaçla kullanılamaz."
"legal.notice.externalLinks.toc";"Juridische informatie · Externe links · label in inhoudsopgave";"true";"Externe links";"Liens externes";"External links";"Externe Links";"Enlaces externos";"Linki zewnętrzne";"Ligações externas";"Harici bağlantılar"
"legal.notice.externalLinks.title";"Juridische informatie · Externe links · titel";"true";"5. Externe websites";"5. Sites Web externes";"5. External websites";"5. Externe Websites";"5. Sitios web externos";"5. Strony zewnętrzne";"5. Sites externos";"5. Harici web siteleri"
"legal.notice.externalLinks.p1";"Juridische informatie · Externe links · alinea 1";"true";"Voor het gemak zijn koppelingen naar organisaties zoals handelsplatforms of bezoeklocaties opgenomen. Deze websites worden beheerd door hun respectieve exploitanten en passen hun eigen voorwaarden, toegankelijkheid, privacy en cookiepraktijken toe. Enrosed is niet verantwoordelijk voor externe inhoud of beschikbaarheid.";"Des liens vers des organisations telles que des plateformes commerciales ou des lieux de visite sont fournis pour plus de commodité. Ces sites Web sont contrôlés par leurs opérateurs respectifs et appliquent leurs propres conditions, pratiques d'accessibilité, de confidentialité et de cookies. Enrosed n'est pas responsable du contenu externe ou de la disponibilité.";"Links to organisations such as trade platforms or visit locations are provided for convenience. Those websites are controlled by their respective operators and apply their own terms, accessibility, privacy and cookie practices. Enrosed is not responsible for external content or availability.";"Zur Vereinfachung werden Links zu Organisationen wie Handelsplattformen oder Besuchsstandorten bereitgestellt. Diese Websites werden von ihren jeweiligen Betreibern kontrolliert und wenden ihre eigenen Bedingungen, Zugänglichkeit, Datenschutz und Cookie-Praktiken an. Enrosed ist nicht verantwortlich für externe Inhalte oder Verfügbarkeit.";"Para mayor comodidad, se proporcionan enlaces a organizaciones como plataformas comerciales o lugares de visita. Esos sitios web están controlados por sus respectivos operadores y aplican sus propios términos, accesibilidad, privacidad y prácticas de cookies. Enrosed no es responsable del contenido externo ni de la disponibilidad.";"Linki do organizacji, takich jak platformy handlowe lub miejsca wizyt, podano dla wygody. Strony te są kontrolowane przez odpowiednich operatorów i stosują własne zasady dotyczące dostępności, prywatności i plików cookie. Enrosed nie ponosi odpowiedzialności za treści i dostępność zewnętrzną.";"As ligações para organizações, como plataformas comerciais ou locais de visita, são disponibilizadas por conveniência. Esses websites são controlados pelos respetivos operadores e aplicam os seus próprios termos e práticas de acessibilidade, privacidade e cookies. A Enrosed não é responsável pelo conteúdo externo nem pela sua disponibilidade.";"Ticaret platformları veya ziyaret yerleri gibi kuruluşlara bağlantılar kolaylık sağlamak amacıyla sağlanmıştır. Bu web siteleri ilgili operatörler tarafından kontrol edilir ve kendi şartlarını, erişilebilirliklerini, gizliliklerini ve çerez uygulamalarını uygularlar. Enrosed, harici içerik veya kullanılabilirlikten sorumlu değildir."
"legal.notice.availability.toc";"Juridische informatie · Beschikbaarheid website · label in inhoudsopgave";"true";"Beschikbaarheid en aansprakelijkheid";"Disponibilité et responsabilité";"Availability & liability";"Verfügbarkeit und Haftung";"Disponibilidad y responsabilidad";"Dostępność i odpowiedzialność";"Disponibilidade e responsabilidade";"Kullanılabilirlik ve sorumluluk"
"legal.notice.availability.title";"Juridische informatie · Beschikbaarheid website · titel";"true";"6. Beschikbaarheid en aansprakelijkheid van de website";"6. Disponibilité et responsabilité du site Web";"6. Website availability and liability";"6. Verfügbarkeit und Haftung der Website";"6. Disponibilidad y responsabilidad del sitio web";"6. Dostępność strony internetowej i odpowiedzialność";"6. Disponibilidade e responsabilidade do site";"6. Web sitesinin kullanılabilirliği ve sorumluluğu"
"legal.notice.availability.p1";"Juridische informatie · Beschikbaarheid website · alinea 1";"true";"Enrosed streeft ernaar deze website veilig en beschikbaar te houden, maar kan geen ononderbroken of foutloze toegang garanderen. Voor zover toegestaan door de wet, is Enrosed niet verantwoordelijk voor verlies dat uitsluitend wordt veroorzaakt door tijdelijke onbeschikbaarheid, ongeoorloofde inmenging of het vertrouwen op informatie die normaal gesproken door een offerte wordt bevestigd.";"Enrosed vise à maintenir ce site Web sécurisé et disponible, mais ne peut garantir un accès ininterrompu ou sans erreur. Dans la mesure permise par la loi, Enrosed n'est pas responsable des pertes causées uniquement par une indisponibilité temporaire, une interférence non autorisée ou la confiance accordée à des informations qu'un devis confirmerait normalement.";"Enrosed aims to keep this website secure and available, but cannot guarantee uninterrupted or error-free access. To the extent permitted by law, Enrosed is not responsible for loss caused solely by temporary unavailability, unauthorised interference or reliance on information that a quotation would normally confirm.";"Enrosed ist bestrebt, die Sicherheit und Verfügbarkeit dieser Website zu gewährleisten, kann jedoch keinen unterbrechungsfreien oder fehlerfreien Zugriff garantieren. Soweit gesetzlich zulässig, haftet Enrosed nicht für Verluste, die ausschließlich durch vorübergehende Nichtverfügbarkeit, unbefugte Eingriffe oder das Vertrauen auf Informationen verursacht werden, die normalerweise in einem Angebot bestätigt würden.";"Enrosed procura mantener este sitio web seguro y disponible, pero no puede garantizar un acceso ininterrumpido o sin errores. En la medida permitida por la ley, Enrosed no se responsabiliza de las pérdidas causadas únicamente por la indisponibilidad temporal, las interferencias no autorizadas o la confianza en información que normalmente confirmaría un presupuesto.";"Enrosed ma na celu zapewnienie bezpieczeństwa i dostępności tej witryny internetowej, ale nie może zagwarantować nieprzerwanego i wolnego od błędów dostępu. W zakresie dozwolonym przez prawo, Enrosed nie ponosi odpowiedzialności za straty spowodowane wyłącznie czasową niedostępnością, nieuprawnioną ingerencją lub poleganiem na informacjach, które normalnie potwierdzałaby wycena.";"A Enrosed procura manter este website seguro e disponível, mas não pode garantir um acesso ininterrupto ou isento de erros. Na medida permitida por lei, a Enrosed não é responsável por perdas causadas exclusivamente por indisponibilidade temporária, interferência não autorizada ou confiança em informações que seriam normalmente confirmadas num orçamento.";"Enrosed bu web sitesini güvenli ve kullanılabilir tutmayı amaçlamaktadır ancak kesintisiz veya hatasız erişimi garanti edemez. Yasaların izin verdiği ölçüde, Enrosed yalnızca geçici olarak kullanılamama, yetkisiz müdahale veya bir teklifin normalde doğrulayacağı bilgilere dayanılmasından kaynaklanan kayıplardan sorumlu değildir."
"legal.notice.availability.p2";"Juridische informatie · Beschikbaarheid website · alinea 2";"true";"Niets op deze pagina sluit aansprakelijkheid of klantenrechten uit die niet kunnen worden beperkt onder de toepasselijke wetgeving.";"Rien sur cette page n'exclut la responsabilité ou les droits du client qui ne peuvent être limités en vertu de la loi applicable.";"Nothing on this page excludes liability or customer rights that cannot be limited under applicable law.";"Nichts auf dieser Seite schließt die Haftung oder Rechte des Kunden aus, die nach geltendem Recht nicht eingeschränkt werden können.";"Nada en esta página excluye la responsabilidad o los derechos del cliente que no pueden limitarse según la ley aplicable.";"Nic na tej stronie nie wyklucza odpowiedzialności ani praw klienta, których nie można ograniczyć na mocy obowiązującego prawa.";"Nada nesta página exclui responsabilidades ou direitos do cliente que não possam ser limitados pela lei aplicável.";"Bu sayfadaki hiçbir şey, geçerli yasalar kapsamında sınırlandırılamayan sorumluluğu veya müşteri haklarını hariç tutmaz."
"legal.notice.law.toc";"Juridische informatie · Toepasselijk recht · label in inhoudsopgave";"true";"Toepasselijk recht";"Loi applicable";"Applicable law";"Anwendbares Recht";"Ley aplicable";"Obowiązujące prawo";"Lei aplicável";"Geçerli yasa"
"legal.notice.law.title";"Juridische informatie · Toepasselijk recht · titel";"true";"7. Toepasselijk recht";"7. Loi applicable";"7. Applicable law";"7. Anwendbares Recht";"7. Ley aplicable";"7. Obowiązujące prawo";"7. Lei aplicável";"7. Geçerli yasa"
"legal.notice.law.p1";"Juridische informatie · Toepasselijk recht · alinea 1";"true";"Deze juridische kennisgeving wordt beheerst door het Belgisch recht. Vragen over de website of toestemming om Enrosed-materialen te gebruiken, kunnen worden gestuurd naar {email}.";"Ces mentions légales sont régies par le droit belge. Les questions concernant le site Web ou l'autorisation d'utiliser les documents Enrosed peuvent être envoyées à {email}.";"This legal notice is governed by Belgian law. Questions about the website or permission to use Enrosed materials can be sent to {email}.";"Dieser rechtliche Hinweis unterliegt belgischem Recht. Fragen zur Website oder zur Erlaubnis zur Nutzung von Enrosed-Materialien können an {email} gesendet werden.";"Este aviso legal se rige por la ley belga. Las preguntas sobre el sitio web o el permiso para utilizar materiales Enrosed se pueden enviar a {email}.";"Niniejsza informacja prawna podlega prawu belgijskiemu. Pytania dotyczące serwisu lub zgody na wykorzystanie materiałów Enrosed można kierować na adres {email}.";"Este aviso legal é regido pela lei belga. As questões sobre o site ou a permissão para utilizar materiais do Enrosed podem ser enviadas para {email}.";"Bu yasal bildirim Belçika yasalarına tabidir. Web sitesiyle ilgili sorular veya Enrosed materyallerini kullanma izni, {email} adresine gönderilebilir."
"legal.privacy.title";"Privacybeleid · titel";"true";"Privacybeleid";"Politique de confidentialité";"Privacy policy";"Datenschutzrichtlinie";"Política de privacidad";"Polityka prywatności";"Política de Privacidade";"Gizlilik ilkesi"
"legal.privacy.description";"Privacybeleid · beschrijving";"true";"Hoe Enrosed omgaat met persoonlijke en zakelijke contactgegevens wanneer u op deze groothandelswebsite surft of een offerte aanvraagt.";"Comment Enrosed gère les données de contact personnelles et professionnelles lorsque vous naviguez sur ce site Web de vente en gros ou demandez un devis.";"How Enrosed handles personal and business contact data when you browse this wholesale website or request a quotation.";"Wie Enrosed persönliche und geschäftliche Kontaktdaten verarbeitet, wenn Sie diese Großhandelswebsite durchsuchen oder ein Angebot anfordern.";"Cómo trata Enrosed los datos de contacto personales y empresariales cuando visita este sitio web mayorista o solicita un presupuesto.";"Jak Enrosed obsługuje osobiste i biznesowe dane kontaktowe, gdy przeglądasz tę witrynę hurtowni lub prosisz o wycenę.";"Como a Enrosed trata os dados pessoais e os dados de contacto profissionais quando visita este website grossista ou pede uma proposta.";"Bu toptan satış web sitesine göz attığınızda veya fiyat teklifi talep ettiğinizde Enrosed kişisel ve ticari iletişim verilerini nasıl işler?"
"legal.privacy.updated";"Privacybeleid · datum bijgewerkt";"true";"20 augustus 2026";"20 août 2026";"20 August 2026";"20. August 2026";"20 de agosto de 2026";"20 sierpnia 2026 r";"20 de agosto de 2026";"20 Ağustos 2026"
"legal.privacy.controller.toc";"Privacybeleid · Verwerkingsverantwoordelijke · label in inhoudsopgave";"true";"Verwerkingsverantwoordelijke";"Responsable du traitement";"Controller";"Verantwortlicher";"Responsable del tratamiento";"Administrator danych";"Responsável pelo tratamento";"Veri sorumlusu"
"legal.privacy.controller.title";"Privacybeleid · Verwerkingsverantwoordelijke · titel";"true";"1. Wie is verantwoordelijk?";"1. Qui est responsable ?";"1. Who is responsible?";"1. Wer ist verantwortlich?";"1. ¿Quién es responsable?";"1. Kto jest odpowiedzialny?";"1. Quem é o responsável?";"1. Kim sorumlu?"
"legal.privacy.controller.p1";"Privacybeleid · Verwerkingsverantwoordelijke · alinea 1";"true";"Enrosed BV is de verwerkingsverantwoordelijke voor de op deze pagina beschreven persoonsgegevens. Dit beleid heeft betrekking op de groothandelswebsite Enrosed, directe offerteaanvragen en gerelateerde zakelijke communicatie.";"Enrosed BV est le responsable du traitement des données personnelles décrites sur cette page. Cette politique couvre le site Web de vente en gros Enrosed, les demandes de devis directes et les communications commerciales associées.";"Enrosed BV is the controller for the personal data described on this page. This policy covers the Enrosed wholesale website, direct quotation requests and related business communication.";"Enrosed BV ist der Verantwortliche für die auf dieser Seite beschriebenen personenbezogenen Daten. Diese Richtlinie gilt für die Großhandelswebsite Enrosed, direkte Angebotsanfragen und die damit verbundene Geschäftskommunikation.";"Enrosed BV es responsable del tratamiento de los datos personales descritos en esta página. Esta política abarca el sitio web mayorista de Enrosed, las solicitudes directas de presupuesto y las comunicaciones comerciales relacionadas.";"Administratorem danych osobowych opisanych na tej stronie jest Enrosed BV. Niniejsza polityka obejmuje witrynę hurtową Enrosed, bezpośrednie zapytania ofertowe i powiązaną komunikację biznesową.";"A Enrosed BV é a responsável pelo tratamento dos dados pessoais descritos nesta página. Esta política abrange o website grossista da Enrosed, os pedidos diretos de proposta e as comunicações comerciais relacionadas.";"Enrosed BV, bu sayfada açıklanan kişisel verilerin denetleyicisidir. Bu politika, Enrosed toptan satış web sitesini, doğrudan fiyat teklifi taleplerini ve ilgili iş iletişimlerini kapsar."
"legal.privacy.controller.company";"Privacybeleid · Verwerkingsverantwoordelijke · Bedrijf";"true";"Bedrijf";"Société";"Company";"Unternehmen";"Empresa";"Firma";"Empresa";"Şirket"
"legal.privacy.controller.address";"Privacybeleid · Verwerkingsverantwoordelijke · adres";"true";"Adres";"Adresse";"Address";"Adresse";"Dirección";"Adres";"Morada";"Adres"
"legal.privacy.controller.vat";"Privacybeleid · Verwerkingsverantwoordelijke · btw-nummer";"true";"BTW";"TVA";"VAT";"MwSt";"IVA";"VAT";"IVA";"KDV"
"legal.privacy.controller.email";"Privacybeleid · Verwerkingsverantwoordelijke · e-mailadres";"true";"E-mail";"E-mail";"Email";"E-Mail";"Correo electrónico";"E-mail";"E-mail";"E-posta"
"legal.privacy.controller.phone";"Privacybeleid · Verwerkingsverantwoordelijke · telefoonnummer";"true";"Telefoon";"Téléphone";"Phone";"Telefon";"Teléfono";"Telefon";"Telefone";"Telefon"
"legal.privacy.data.toc";"Privacybeleid · Verzamelde gegevens · label in inhoudsopgave";"true";"Gegevens die wij verwerken";"Données que nous traitons";"Data we process";"Daten, die wir verarbeiten";"Datos que procesamos";"Dane, które przetwarzamy";"Dados que tratamos";"İşlediğimiz veriler"
"legal.privacy.data.title";"Privacybeleid · Verzamelde gegevens · titel";"true";"2. Gegevens die wij verwerken";"2. Données que nous traitons";"2. Data we process";"2. Von uns verarbeitete Daten";"2. Datos que procesamos";"2. Dane, które przetwarzamy";"2. Dados que tratamos";"2. İşlediğimiz veriler"
"legal.privacy.data.p1";"Privacybeleid · Verzamelde gegevens · alinea 1";"true";"Afhankelijk van hoe u contact opneemt met of werkt met Enrosed, kan dit het volgende omvatten:";"Selon la manière dont vous contactez ou travaillez avec Enrosed, cela peut inclure :";"Depending on how you contact or work with Enrosed, this can include:";"Je nachdem, wie Sie Enrosed kontaktieren oder mit ihm zusammenarbeiten, kann dies Folgendes umfassen:";"Dependiendo de cómo contacte o trabaje con Enrosed, esto puede incluir:";"W zależności od tego, jak kontaktujesz się z użytkownikiem Enrosed lub jak z nim współpracujesz, może to obejmować:";"Consoante a forma como contacta ou trabalha com a Enrosed, estes dados podem incluir:";"Enrosed ile nasıl iletişim kurduğunuza veya onunla nasıl çalıştığınıza bağlı olarak bu şunları içerebilir:"
"legal.privacy.data.item1";"Privacybeleid · Verzamelde gegevens · item 1";"true";"naam, zakelijk e-mailadres, telefoonnummer en functie;";"Nom, adresse e-mail professionnelle, numéro de téléphone et fonction professionnelle ;";"name, business email address, telephone number and job function;";"Name, geschäftliche E-Mail-Adresse, Telefonnummer und berufliche Funktion;";"nombre, dirección de correo electrónico comercial, número de teléfono y función laboral;";"imię i nazwisko, służbowy adres e-mail, numer telefonu i stanowisko;";"Nome, endereço de e-mail comercial, número de telefone e cargo;";"adı, iş e-posta adresi, telefon numarası ve iş işlevi;"
"legal.privacy.data.item2";"Privacybeleid · Verzamelde gegevens · item 2";"true";"bedrijfsnaam, BTW-nummer, factuur- en leveringsgegevens;";"Nom de la société, numéro de TVA, détails de facturation et de livraison ;";"company name, VAT number, billing and delivery details;";"Firmenname, Umsatzsteuer-Identifikationsnummer, Rechnungs- und Lieferdetails;";"razón social, número de IVA, datos de facturación y entrega;";"nazwa firmy, numer VAT, szczegóły rozliczenia i dostawy;";"Nome da empresa, número de contribuinte, dados de faturação e entrega;";"şirket adı, KDV numarası, fatura ve teslimat ayrıntıları;"
"legal.privacy.data.item3";"Privacybeleid · Verzamelde gegevens · item 3";"true";"producten, kleuren, aantallen, leveringsvoorkeuren en gewenste data;";"Produits, couleurs, quantités, préférences de livraison et dates demandées ;";"products, colours, quantities, delivery preferences and requested dates;";"Produkte, Farben, Mengen, Lieferpräferenzen und Wunschtermine;";"Productos, colores, cantidades, preferencias de entrega y fechas solicitadas;";"produkty, kolory, ilości, preferencje dotyczące dostawy i żądane daty;";"Produtos, cores, quantidades, preferências de entrega e datas solicitadas;";"ürünleri, renkleri, adetleri, teslimat tercihleri ve talep edilen tarihler;"
"legal.privacy.data.item4";"Privacybeleid · Verzamelde gegevens · item 4";"true";"correspondentie, offertes, ordergegevens en betalingsadministratie;";"Correspondance, devis, détails des commandes et administration des paiements ;";"correspondence, quotations, order details and payment administration;";"Korrespondenz, Angebote, Bestelldetails und Zahlungsverwaltung;";"correspondencia, presupuestos, detalles de pedidos y administración de pagos;";"korespondencja, wyceny, szczegóły zamówień i administracja płatnościami;";"correspondência, orçamentos, detalhes de encomendas e administração de pagamentos;";"yazışmaları, fiyat teklifleri, sipariş ayrıntıları ve ödeme yönetimi;"
"legal.privacy.data.item5";"Privacybeleid · Verzamelde gegevens · item 5";"true";"technische beveiligingslogboeken zoals IP-adres, browserinformatie en verzoektijd.";"Journaux de sécurité technique tels que l'adresse IP, les informations du navigateur et l'heure de la demande.";"technical security logs such as IP address, browser information and request time.";"technische Sicherheitsprotokolle wie IP-Adresse, Browserinformationen und Anfragezeit.";"Registros técnicos de seguridad, como dirección IP, información del navegador y hora de solicitud.";"Dzienniki bezpieczeństwa technicznego, takie jak adres IP, informacje o przeglądarce i czas żądania.";"Registos técnicos de segurança, como o endereço IP, as informações do navegador e a hora do pedido.";"IP adresi, tarayıcı bilgileri ve istek zamanı gibi teknik güvenlik günlükleri."
"legal.privacy.data.p2";"Privacybeleid · Verzamelde gegevens · alinea 2";"true";"Deze website bevat een offerteformulier voor groothandels. Wanneer u het verstuurt, verwerkt Enrosed uw bedrijfs- en contactgegevens, geselecteerde producten en aantallen, leveringsbestemming, BTW-nummer en eventuele opmerkingen om uw offerte op te stellen en op te volgen.";"Ce site propose un formulaire de demande de devis grossiste. Lorsque vous l’envoyez, Enrosed traite les coordonnées de votre entreprise et de votre contact, les produits et quantités sélectionnés, la destination de livraison, le numéro de TVA et vos éventuelles remarques afin de préparer et de suivre votre devis.";"This website provides an onsite wholesale quotation form. When you submit it, Enrosed processes your company and contact details, selected products and quantities, delivery destination, VAT number and any notes to prepare and follow up your quotation.";"Diese Website stellt ein Formular für Großhandelsangebote bereit. Wenn Sie es absenden, verarbeitet Enrosed Ihre Unternehmens- und Kontaktdaten, die ausgewählten Produkte und Mengen, den Lieferort, die Umsatzsteuer-Identifikationsnummer und etwaige Anmerkungen, um Ihr Angebot zu erstellen und nachzuverfolgen.";"Este sitio web ofrece un formulario de solicitud de presupuesto mayorista. Al enviarlo, Enrosed trata los datos de su empresa y de contacto, los productos y las cantidades seleccionados, el destino del envío, el número de IVA y cualquier nota para preparar y gestionar su presupuesto.";"Ta strona zawiera formularz zapytania o ofertę hurtową. Po jego wysłaniu Enrosed przetwarza dane firmy i dane kontaktowe, wybrane produkty i ilości, miejsce dostawy, numer VAT oraz ewentualne uwagi w celu przygotowania i obsługi oferty.";"Este website disponibiliza um formulário de pedido de orçamento para grossistas. Ao enviá-lo, a Enrosed trata os dados da empresa e de contacto, os produtos e quantidades selecionados, o destino da entrega, o número de IVA e eventuais observações para preparar e acompanhar o orçamento.";"Bu web sitesinde toptan satış teklif formu sunulur. Formu gönderdiğinizde Enrosed; teklifinizi hazırlamak ve takip etmek için şirket ve iletişim bilgilerinizi, seçilen ürünleri ve miktarları, teslimat yerini, KDV numarasını ve notlarınızı işler."
"legal.privacy.purposes.toc";"Privacybeleid · Doeleinden en rechtsgronden · label in inhoudsopgave";"true";"Doeleinden en rechtsgrondslagen";"Finalités et bases juridiques";"Purposes & legal bases";"Zwecke & Rechtsgrundlagen";"Finalidades y bases legales";"Cele i podstawy prawne";"Finalidades e bases legais";"Amaçlar ve yasal dayanaklar"
"legal.privacy.purposes.title";"Privacybeleid · Doeleinden en rechtsgronden · titel";"true";"3. Waarom we gegevens gebruiken";"3. Pourquoi utilisons-nous les données";"3. Why we use data";"3. Warum wir Daten verwenden";"3. Por qué utilizamos datos";"3. Dlaczego wykorzystujemy dane";"3. Porque usamos dados";"3. Verileri neden kullanıyoruz?"
"legal.privacy.purposes.p1";"Privacybeleid · Doeleinden en rechtsgronden · alinea 1";"true";"Enrosed verwerkt gegevens alleen als er een geldige reden is, waaronder:";"Enrosed traite les données uniquement lorsqu'il existe une raison valable, notamment :";"Enrosed processes data only where there is a valid reason, including:";"Enrosed verarbeitet Daten nur, wenn ein gültiger Grund vorliegt, einschließlich:";"Enrosed procesa datos solo cuando existe un motivo válido, que incluye:";"Enrosed przetwarza dane tylko wtedy, gdy istnieje ważny powód, w tym:";"Enrosed processa dados apenas quando existe um motivo válido, incluindo:";"Enrosed, verileri yalnızca aşağıdakiler dahil geçerli bir nedenin olduğu durumlarda işler:"
"legal.privacy.purposes.item1";"Privacybeleid · Doeleinden en rechtsgronden · item 1";"true";"het opstellen en opvolgen van een aangevraagde offerte;";"préparer et suivre un devis demandé ;";"preparing and following up a requested quotation;";"Vorbereiten und Nachbereiten eines angeforderten Angebots;";"preparar y hacer el seguimiento de un presupuesto solicitado;";"przygotowanie i realizacja żądanej wyceny;";"elaborar e acompanhar o orçamento pedido;";"talep edilen bir teklifin hazırlanması ve takibi;"
"legal.privacy.purposes.item2";"Privacybeleid · Doeleinden en rechtsgronden · item 2";"true";"aannemen, plannen, bezorgen en administreren van zakelijke bestellingen;";"accepter, planifier, livrer et administrer les commandes commerciales ;";"accepting, planning, delivering and administering business orders;";"Annahme, Planung, Lieferung und Verwaltung von Geschäftsaufträgen;";"aceptar, planificar, entregar y administrar pedidos comerciales;";"przyjmowanie, planowanie, dostarczanie i administrowanie zamówieniami biznesowymi;";"aceitar, planear, entregar e administrar encomendas comerciais;";"ticari siparişleri kabul etmek ve işlemek, teslimatı planlamak ve sipariş yönetimini yürütmek;"
"legal.privacy.purposes.item3";"Privacybeleid · Doeleinden en rechtsgronden · item 3";"true";"voldoen aan boekhoudkundige, fiscale en andere wettelijke verplichtingen;";"respecter les obligations comptables, fiscales et autres obligations légales ;";"meeting accounting, tax and other legal obligations;";"Erfüllung buchhalterischer, steuerlicher und anderer gesetzlicher Verpflichtungen;";"cumplir con obligaciones contables, fiscales y otras obligaciones legales;";"wypełnianie obowiązków księgowych, podatkowych i innych obowiązków prawnych;";"cumprir obrigações contabilísticas, fiscais e outras obrigações legais;";"muhasebe, vergi ve diğer yasal yükümlülükleri yerine getirmek;"
"legal.privacy.purposes.item4";"Privacybeleid · Doeleinden en rechtsgronden · item 4";"true";"het beveiligen van de website, communicatiekanalen en bedrijfsvoering;";"protéger le site web, les canaux de communication et les opérations commerciales ;";"protecting the website, communication channels and business operations;";"Schutz der Website, der Kommunikationskanäle und des Geschäftsbetriebs;";"proteger el sitio web, los canales de comunicación y las operaciones comerciales;";"ochrona strony internetowej, kanałów komunikacji i działalności operacyjnej;";"proteger o website, os canais de comunicação e as operações comerciais;";"web sitesini, iletişim kanallarını ve ticari faaliyetleri korumak;"
"legal.privacy.purposes.item5";"Privacybeleid · Doeleinden en rechtsgronden · item 5";"true";"relevante B2B-klantrelaties onderhouden.";"maintenir des relations clients B2B pertinentes.";"maintaining relevant B2B customer relationships.";"relevante B2B-Kundenbeziehungen pflegen.";"mantener relaciones relevantes con clientes B2B.";"utrzymywanie odpowiednich relacji z klientami B2B.";"manter relações relevantes com clientes B2B.";"ilgili B2B müşteri ilişkilerini sürdürmek."
"legal.privacy.purposes.p2";"Privacybeleid · Doeleinden en rechtsgronden · alinea 2";"true";"De toepasselijke wettelijke basis kan bestaan uit stappen voorafgaand aan een contract, de uitvoering van een contract, een wettelijke verplichting, toestemming of het legitieme belang van Enrosed bij een veilige en effectieve bedrijfsadministratie. U kunt bezwaar maken wanneer de verwerking berust op legitieme belangen.";"La base juridique applicable peut être des étapes préalables à un contrat, l’exécution d’un contrat, une obligation légale, un consentement ou l’intérêt légitime d’Enrosed dans une administration commerciale sécurisée et efficace. Vous pouvez vous opposer lorsque le traitement repose sur des intérêts légitimes.";"The applicable legal basis can be steps before a contract, performance of a contract, a legal obligation, consent, or Enrosed’s legitimate interest in secure and effective business administration. You may object when processing relies on legitimate interests.";"Als Rechtsgrundlage kommen vorvertragliche Maßnahmen, die Erfüllung eines Vertrags, eine gesetzliche Verpflichtung, eine Einwilligung oder das berechtigte Interesse von Enrosed an einer sicheren und wirksamen Geschäftsverwaltung in Betracht. Sie können widersprechen, wenn die Verarbeitung auf berechtigten Interessen beruht.";"La base jurídica aplicable puede ser la adopción de medidas precontractuales, la ejecución de un contrato, una obligación legal, el consentimiento o el interés legítimo de Enrosed en una gestión empresarial segura y eficaz. Puede oponerse cuando el tratamiento se base en intereses legítimos.";"Obowiązującą podstawą prawną mogą być kroki poprzedzające zawarcie umowy, wykonanie umowy, obowiązek prawny, zgoda lub uzasadniony interes Enrosed w zakresie bezpiecznego i skutecznego administrowania przedsiębiorstwem. Możesz sprzeciwić się, gdy przetwarzanie opiera się na prawnie uzasadnionych interesach.";"A base jurídica aplicável pode ser as etapas anteriores a um contrato, a execução de um contrato, uma obrigação legal, consentimento ou o interesse legítimo de Enrosed na administração empresarial segura e eficaz. Pode opor-se quando o tratamento depende de interesses legítimos.";"Uygulanabilir yasal dayanak; bir sözleşme öncesi adımlar, bir sözleşmenin ifası, yasal bir yükümlülük, rıza veya Enrosed'ın güvenli ve etkili iş yönetimine yönelik meşru menfaati olabilir. İşlemenin meşru menfaatlere dayanması halinde itiraz edebilirsiniz."
"legal.privacy.sharing.toc";"Privacybeleid · Delen van gegevens · label in inhoudsopgave";"true";"Delen en processors";"Partage et processeurs";"Sharing & processors";"Freigabe und Prozessoren";"Compartir y procesadores";"Udostępnianie i procesory";"Partilha e processadores";"Paylaşım ve işlemciler"
"legal.privacy.sharing.title";"Privacybeleid · Delen van gegevens · titel";"true";"4. Delen en dienstverleners";"4. Partage et fournisseurs de services";"4. Sharing and service providers";"4. Sharing- und Dienstanbieter";"4. Proveedores de servicios e intercambios";"4. Dostawcy udostępniania i usług";"4. Partilha e fornecedores de serviços";"4. Paylaşım ve servis sağlayıcılar"
"legal.privacy.sharing.p1";"Privacybeleid · Delen van gegevens · alinea 1";"true";"Enrosed verkoopt geen persoonlijke gegevens. Informatie wordt alleen gedeeld waar dat nodig is met dienstverleners en zakenpartners, zoals websitehosting, e-mail, IT-ondersteuning, boekhouding, betaling, leveranciers, magazijnen en transportbedrijven, of waar openbaarmaking wettelijk vereist is.";"Enrosed ne vend pas de données personnelles. Les informations sont partagées uniquement lorsque cela est nécessaire avec des prestataires de services et des partenaires commerciaux, tels que l'hébergement de sites Web, la messagerie électronique, le support informatique, la comptabilité, le paiement, les fournisseurs, les entrepôts et les prestataires de transport, ou lorsque la divulgation est requise par la loi.";"Enrosed does not sell personal data. Information is shared only where needed with service providers and business partners such as website hosting, email, IT support, accounting, payment, suppliers, warehouses and transport providers, or where disclosure is required by law.";"Enrosed verkauft keine personenbezogenen Daten. Informationen werden nur dann an Dienstleister und Geschäftspartner weitergegeben, wenn dies erforderlich ist, z. B. beim Hosting von Websites, E-Mail, IT-Support, Buchhaltung, Zahlung, Lieferanten, Lagern und Transportanbietern, oder wenn die Offenlegung gesetzlich vorgeschrieben ist.";"Enrosed no vende datos personales. La información se comparte solo cuando es necesario con proveedores de servicios y socios comerciales, como alojamiento de sitios web, correo electrónico, soporte de TI, contabilidad, pagos, proveedores, almacenes y proveedores de transporte, o cuando la ley exige su divulgación.";"Enrosed nie sprzedaje danych osobowych. Informacje są udostępniane tylko wtedy, gdy jest to konieczne usługodawcom i partnerom biznesowym, np. hosting stron internetowych, poczta e-mail, wsparcie IT, księgowość, płatności, dostawcy, magazyny i dostawcy usług transportowych, lub gdy ujawnienie jest wymagane przez prawo.";"A Enrosed não vende dados pessoais. As informações são partilhadas apenas quando necessário com prestadores de serviços e parceiros comerciais, como fornecedores de alojamento do website, e-mail, suporte informático, contabilidade, pagamentos, armazém e transporte, ou quando a divulgação seja exigida por lei.";"Enrosed kişisel verileri satmaz. Bilgiler yalnızca web sitesi barındırma, e-posta, BT desteği, muhasebe, ödeme, tedarikçiler, depolar ve nakliye sağlayıcıları gibi hizmet sağlayıcılar ve iş ortaklarıyla veya yasa gereği açıklamanın gerekli olduğu durumlarda paylaşılır."
"legal.privacy.sharing.p2";"Privacybeleid · Delen van gegevens · alinea 2";"true";"Providers ontvangen alleen de informatie die nodig is voor hun taak en worden geacht deze te beschermen. Als een aanbieder gegevens buiten de Europese Economische Ruimte verwerkt, maakt Enrosed waar nodig gebruik van een passend juridisch overdrachtsmechanisme.";"Les fournisseurs reçoivent uniquement les informations nécessaires à leur tâche et sont censés les protéger. Si un fournisseur traite des données en dehors de l'Espace économique européen, Enrosed utilise un mécanisme de transfert légal approprié si nécessaire.";"Providers receive only the information needed for their task and are expected to protect it. If a provider processes data outside the European Economic Area, Enrosed uses an appropriate legal transfer mechanism where required.";"Anbieter erhalten nur die Informationen, die sie für ihre Aufgabe benötigen, und von ihnen wird erwartet, dass sie diese schützen. Wenn ein Anbieter Daten außerhalb des Europäischen Wirtschaftsraums verarbeitet, nutzt Enrosed bei Bedarf einen geeigneten rechtlichen Übertragungsmechanismus.";"Los proveedores reciben solo la información necesaria para su tarea y se espera que la protejan. Si un proveedor procesa datos fuera del Espacio Económico Europeo, Enrosed utiliza un mecanismo de transferencia legal adecuado cuando sea necesario.";"Dostawcy otrzymują tylko informacje potrzebne do wykonania swoich zadań i oczekuje się, że będą je chronić. Jeżeli dostawca przetwarza dane poza Europejskim Obszarem Gospodarczym, Enrosed w razie potrzeby korzysta z odpowiedniego prawnego mechanizmu przekazywania danych.";"Os fornecedores recebem apenas as informações necessárias para as suas tarefas e espera-se que as protejam. Se um fornecedor processar dados fora do Espaço Económico Europeu, a Enrosed utiliza um mecanismo de transferência legal apropriado, quando necessário.";"Sağlayıcılar yalnızca görevleri için gereken bilgileri alır ve bu bilgileri korumaları beklenir. Bir sağlayıcı verileri Avrupa Ekonomik Alanı dışında işliyorsa Enrosed, gerektiğinde uygun bir yasal aktarım mekanizması kullanır."
"legal.privacy.retention.toc";"Privacybeleid · Bewaartermijnen · label in inhoudsopgave";"true";"Bewaring";"Rétention";"Retention";"Aufbewahrung";"Retención";"Retencja";"Retenção";"Saklama"
"legal.privacy.retention.title";"Privacybeleid · Bewaartermijnen · titel";"true";"5. Hoe lang gegevens worden bewaard";"5. Combien de temps les données sont conservées";"5. How long data is kept";"5. Wie lange Daten aufbewahrt werden";"5. ¿Cuánto tiempo se conservan los datos?";"5. Jak długo przechowywane są dane";"5. Durante quanto tempo são conservados os dados";"5. Veriler ne kadar süre saklanır"
"legal.privacy.retention.p1";"Privacybeleid · Bewaartermijnen · alinea 1";"true";"Gegevens worden slechts bewaard zolang als nodig is voor het doel waarvoor ze zijn verzameld. Enrosed houdt rekening met de status van de offerte of klantrelatie, garantie- of betwistingsperioden, beveiligingsbehoeften en wettelijke bewaarverplichtingen voor boekhouding en belastingen. Vervolgens worden de gegevens indien nodig verwijderd of geanonimiseerd.";"Les Données ne sont conservées que le temps nécessaire à la finalité pour laquelle elles ont été collectées. Enrosed prend en compte l'état du devis ou de la relation client, les périodes de garantie ou de litige, les besoins de sécurité et les obligations légales de comptabilité et de rétention fiscale. Les données sont ensuite supprimées ou anonymisées le cas échéant.";"Data is kept only for as long as needed for the purpose for which it was collected. Enrosed considers the status of the quotation or customer relationship, warranty or dispute periods, security needs and statutory accounting and tax retention duties. Data is then deleted or anonymised where appropriate.";"Daten werden nur so lange aufbewahrt, wie es für den Zweck, für den sie erfasst wurden, erforderlich ist. Enrosed berücksichtigt den Status des Angebots bzw. der Kundenbeziehung, Gewährleistungs- oder Streitfallfristen, Sicherheitsbedürfnisse sowie gesetzliche Buchhaltungs- und Steueraufbewahrungspflichten. Anschließend werden die Daten ggf. gelöscht oder anonymisiert.";"Los datos se conservan únicamente durante el tiempo necesario para el fin para el que fueron recopilados. Enrosed tiene en cuenta el estado del presupuesto o de la relación con el cliente, los períodos de garantía o litigio, las necesidades de seguridad y las obligaciones legales de conservación contable y fiscal. Posteriormente, los datos se eliminan o anonimizan según corresponda.";"Dane są przechowywane tylko tak długo, jak jest to konieczne do celu, dla którego zostały zebrane. Enrosed uwzględnia status oferty lub relacji z klientem, okresy gwarancji lub sporów, potrzeby bezpieczeństwa oraz ustawowe obowiązki księgowe i podatkowe. Dane są następnie usuwane lub, w stosownych przypadkach, anonimizowane.";"Os dados são conservados apenas durante o tempo necessário para a finalidade para a qual foram recolhidos. A Enrosed considera o estado do orçamento ou da relação com o cliente, os períodos de garantia ou litígio, as necessidades de segurança e as obrigações legais de conservação para fins contabilísticos e fiscais. Os dados são depois eliminados ou anonimizados, conforme adequado.";"Veriler yalnızca toplanma amacının gerektirdiği süre boyunca saklanır. Enrosed, teklifin veya müşteri ilişkilerinin durumunu, garanti veya anlaşmazlık sürelerini, güvenlik ihtiyaçlarını ve yasal muhasebe ve vergi saklama görevlerini dikkate alır. Daha sonra veriler uygun olduğu durumlarda silinir veya anonimleştirilir."
"legal.privacy.rights.toc";"Privacybeleid · Uw rechten · label in inhoudsopgave";"true";"Uw rechten";"Vos droits";"Your rights";"Ihre Rechte";"Tus derechos";"Twoje prawa";"Os seus direitos";"Haklarınız"
"legal.privacy.rights.title";"Privacybeleid · Uw rechten · titel";"true";"6. Uw privacyrechten";"6. Vos droits en matière de confidentialité";"6. Your privacy rights";"6. Ihre Datenschutzrechte";"6. Sus derechos de privacidad";"6. Twoje prawa do prywatności";"6. Os seus direitos de privacidade";"6. Gizlilik haklarınız"
"legal.privacy.rights.p1";"Privacybeleid · Uw rechten · alinea 1";"true";"Onder voorbehoud van de voorwaarden in de toepasselijke wetgeving kunt u vragen om toegang, correctie, verwijdering, beperking of overdraagbaarheid van uw persoonlijke gegevens. U kunt bezwaar maken tegen bepaalde verwerkingen en uw toestemming intrekken voor toekomstig gebruik wanneer toestemming de rechtsgrondslag is.";"Sous réserve des conditions de la loi applicable, vous pouvez demander l'accès, la rectification, la suppression, la restriction ou la portabilité de vos données personnelles. Vous pouvez vous opposer à certains traitements et retirer votre consentement pour une utilisation future lorsque le consentement constitue la base légale.";"Subject to the conditions in applicable law, you can ask for access, correction, deletion, restriction or portability of your personal data. You can object to certain processing and withdraw consent for future use where consent is the legal basis.";"Vorbehaltlich der Bedingungen des geltenden Rechts können Sie den Zugriff, die Berichtigung, die Löschung, die Einschränkung oder die Übertragbarkeit Ihrer personenbezogenen Daten verlangen. Sie können einer bestimmten Verarbeitung widersprechen und Ihre Einwilligung für die zukünftige Nutzung widerrufen, wenn die Einwilligung die Rechtsgrundlage darstellt.";"Sujeto a las condiciones de la ley aplicable, usted puede solicitar el acceso, rectificación, supresión, restricción o portabilidad de sus datos personales. Puede oponerse a determinado procesamiento y retirar el consentimiento para uso futuro cuando el consentimiento sea la base legal.";"Z zastrzeżeniem warunków obowiązujących przepisów prawa, możesz poprosić o dostęp do swoich danych osobowych, ich poprawienie, usunięcie, ograniczenie lub przeniesienie. Możesz sprzeciwić się określonemu przetwarzaniu i wycofać zgodę na przyszłe wykorzystanie, jeśli zgoda jest podstawą prawną.";"Sujeito às condições previstas na legislação aplicável, poderá solicitar o acesso, correção, eliminação, restrição ou portabilidade dos seus dados pessoais. Pode opor-se a determinados tratamentos e retirar o consentimento para utilização futura quando o consentimento for a base legal.";"Geçerli yasadaki koşullara tabi olarak, kişisel verilerinize erişim, düzeltme, silme, kısıtlama veya taşınabilirlik talep edebilirsiniz. Rızanın yasal dayanak olduğu durumlarda belirli işlemlere itiraz edebilir ve gelecekteki kullanım için onayınızı geri çekebilirsiniz."
"legal.privacy.rights.p2";"Privacybeleid · Uw rechten · alinea 2";"true";"Stuur een verzoek naar {email}. Enrosed kan om informatie vragen die nodig is om uw identiteit te verifiëren. U kunt ook een klacht indienen bij de {privacyAuthority}.";"Envoyez une demande à {email}. Enrosed peut vous demander les informations nécessaires pour vérifier votre identité. Vous pouvez également déposer une réclamation auprès du {privacyAuthority}.";"Send a request to {email}. Enrosed may ask for information needed to verify your identity. You can also lodge a complaint with the {privacyAuthority}.";"Senden Sie eine Anfrage an {email}. Enrosed kann Sie um Informationen bitten, die zur Überprüfung Ihrer Identität erforderlich sind. Sie können auch eine Beschwerde beim {privacyAuthority} einreichen.";"Enviar una solicitud a {email}. Enrosed puede solicitar información necesaria para verificar su identidad. También puede presentar una queja ante el {privacyAuthority}.";"Wyślij żądanie do {email}. Enrosed może poprosić o informacje potrzebne do zweryfikowania Twojej tożsamości. Możesz także złożyć skargę do {privacyAuthority}.";"Envie um pedido para {email}. Enrosed pode solicitar informações necessárias para verificar a sua identidade. Também pode apresentar uma reclamação no {privacyAuthority}.";"{email}'e bir istek gönderin. Enrosed, kimliğinizi doğrulamak için gereken bilgileri isteyebilir. Ayrıca {privacyAuthority}'e de şikayette bulunabilirsiniz."
"legal.privacy.rights.authorityName";"Privacybeleid · Uw rechten · naam privacytoezichthouder";"true";"Gegevensbeschermingsautoriteit";"Autorité de protection des données";"Belgian Data Protection Authority";"Belgische Datenschutzbehörde";"Autoridad Belga de Protección de Datos";"Belgijski Urząd Ochrony Danych";"Autoridade Belga de Proteção de Dados";"Belçika Veri Koruma Kurumu"
"legal.privacy.cookies.toc";"Privacybeleid · Cookies · label in inhoudsopgave";"true";"Cookies";"Cookies";"Cookies";"Cookies";"Cookies";"Pliki cookie";"Cookies";"Çerezler"
"legal.privacy.cookies.title";"Privacybeleid · Cookies · titel";"true";"7. Cookies en websitetechnologie";"7. Cookies et technologie du site Web";"7. Cookies and website technology";"7. Cookies und Website-Technologie";"7. Cookies y tecnología de sitios web";"7. Pliki cookies i technologia stron internetowych";"7. Cookies e tecnologia do site";"7. Çerezler ve web sitesi teknolojisi"
"legal.privacy.cookies.p1";"Privacybeleid · Cookies · alinea 1";"true";"Deze groothandelswebsite gebruikt momenteel geen analyse- of advertentiecookies. Alleen de technische functionaliteit die nodig is om de website weer te geven en de gekozen links te openen, wordt gebruikt. De knop Cookievoorkeuren in de footer toont de huidige status.";"Ce site Web de vente en gros n'utilise actuellement aucun cookie d'analyse ou publicitaire. Seules les fonctionnalités techniques nécessaires à la fourniture du site Web et des liens que vous choisissez sont utilisées. Le contrôle des préférences des cookies dans le pied de page indique l'état actuel.";"This wholesale website currently uses no analytics or advertising cookies. Only technical functionality required to deliver the website and the links you choose is used. The Cookie preferences control in the footer shows the current status.";"Diese Großhandelswebsite verwendet derzeit keine Analyse- oder Werbecookies. Es werden ausschließlich technische Funktionen genutzt, die zur Bereitstellung der Website und der von Ihnen ausgewählten Links erforderlich sind. Das Steuerelement „Cookie-Einstellungen“ in der Fußzeile zeigt den aktuellen Status an.";"Este sitio web mayorista actualmente no utiliza cookies analíticas ni publicitarias. Solo se utiliza la funcionalidad técnica necesaria para ofrecer el sitio web y los enlaces que elija. El control de preferencias de cookies en el pie de página muestra el estado actual.";"Ta witryna hurtowni nie wykorzystuje obecnie żadnych plików cookie do celów analitycznych ani reklamowych. Wykorzystywane są wyłącznie funkcje techniczne wymagane do dostarczenia witryny internetowej i wybranych linków. Kontrolka preferencji plików cookie w stopce pokazuje aktualny stan.";"Este website de venda por grosso não utiliza atualmente cookies analíticos ou publicitários. Apenas são utilizadas as funcionalidades técnicas necessárias para fornecer o site e os links que escolher. O controlo de preferências de cookies no rodapé mostra o estado atual.";"Bu toptan satış web sitesi şu anda hiçbir analiz veya reklam çerezi kullanmamaktadır. Yalnızca web sitesini ve seçtiğiniz bağlantıları sunmak için gereken teknik işlevler kullanılır. Alt bilgideki Çerez tercihleri kontrolü mevcut durumu gösterir."
"legal.privacy.cookies.p2";"Privacybeleid · Cookies · alinea 2";"true";"Externe websites die via een link worden geopend, hebben hun eigen privacy- en cookiepraktijken. Als analyse-, marketing- of andere optionele technologieën later worden toegevoegd, worden dit beleid en de toestemmingscontroles bijgewerkt voordat ze worden gebruikt waar toestemming vereist is.";"Les sites Web externes ouverts via un lien ont leurs propres pratiques en matière de confidentialité et de cookies. Si des technologies d'analyse, de marketing ou d'autres technologies facultatives sont ajoutées ultérieurement, cette politique et les contrôles de consentement seront mis à jour avant d'être utilisés lorsque le consentement est requis.";"External websites opened through a link have their own privacy and cookie practices. If analytics, marketing or other optional technologies are added later, this policy and the consent controls will be updated before they are used where consent is required.";"Externe Websites, die über einen Link geöffnet werden, unterliegen ihren eigenen Datenschutz- und Cookie-Richtlinien. Wenn später Analyse-, Marketing- oder andere optionale Technologien hinzugefügt werden, werden diese Richtlinie und die Einwilligungskontrollen aktualisiert, bevor sie dort verwendet werden, wo eine Einwilligung erforderlich ist.";"Los sitios web externos abiertos a través de un enlace tienen sus propias prácticas de privacidad y cookies. Si más adelante se agregan análisis, marketing u otras tecnologías opcionales, esta política y los controles de consentimiento se actualizarán antes de que se utilicen cuando se requiera el consentimiento.";"Zewnętrzne strony internetowe otwierane za pomocą łącza mają własne zasady dotyczące prywatności i plików cookie. Jeśli później zostaną dodane technologie analityczne, marketingowe lub inne opcjonalne technologie, niniejsze zasady i mechanizmy kontroli zgody zostaną zaktualizowane przed ich użyciem w przypadku, gdy wymagana jest zgoda.";"Os sites externos abertos através de um link têm as suas próprias práticas de privacidade e cookies. Se forem posteriormente adicionadas análises, marketing ou outras tecnologias opcionais, esta política e os controlos de consentimento serão atualizados antes de serem utilizados quando o consentimento for necessário.";"Bağlantı yoluyla açılan harici web sitelerinin kendi gizlilik ve çerez uygulamaları vardır. Daha sonra analitik, pazarlama veya diğer isteğe bağlı teknolojilerin eklenmesi halinde bu politika ve izin kontrolleri, iznin gerekli olduğu yerlerde kullanılmadan önce güncellenecektir."
"legal.privacy.contact.toc";"Privacybeleid · Contact · label in inhoudsopgave";"true";"Contact";"Contact";"Contact";"Kontakt";"Contacto";"Kontakt";"Contacto";"İletişim"
"legal.privacy.contact.title";"Privacybeleid · Contact · titel";"true";"8. Vragen en updates";"8. Questions et mises à jour";"8. Questions and updates";"8. Fragen und Updates";"8. Preguntas y actualizaciones";"8. Pytania i aktualizacje";"8. Perguntas e atualizações";"8. Sorular ve güncellemeler"
"legal.privacy.contact.p1";"Privacybeleid · Contact · alinea 1";"true";"Vragen over dit beleid of het gebruik van persoonsgegevens kunt u sturen naar {email}. Dit beleid kan worden bijgewerkt wanneer de website, verwerkingsactiviteiten of wettelijke vereisten veranderen. De laatste versie en herzieningsdatum worden op deze pagina gepubliceerd.";"Les questions concernant cette politique ou l'utilisation des données personnelles peuvent être envoyées à {email}. Cette politique peut être mise à jour lorsque le site Web, les activités de traitement ou les exigences légales changent. La dernière version et la date de révision sont publiées sur cette page.";"Questions about this policy or the use of personal data can be sent to {email}. This policy may be updated when the website, processing activities or legal requirements change. The latest version and review date are published on this page.";"Fragen zu dieser Richtlinie oder der Verwendung personenbezogener Daten können an {email} gesendet werden. Diese Richtlinie kann aktualisiert werden, wenn sich die Website, Verarbeitungsaktivitäten oder rechtliche Anforderungen ändern. Die neueste Version und das Überprüfungsdatum werden auf dieser Seite veröffentlicht.";"Las preguntas sobre esta política o el uso de datos personales pueden enviarse a {email}. Esta política puede actualizarse cuando cambien el sitio web, las actividades de procesamiento o los requisitos legales. La última versión y la fecha de revisión se publican en esta página.";"Pytania dotyczące tej polityki lub wykorzystania danych osobowych można przesyłać na adres {email}. Niniejsza polityka może zostać zaktualizowana w przypadku zmiany strony internetowej, działań związanych z przetwarzaniem lub wymogów prawnych. Najnowsza wersja i data przeglądu są publikowane na tej stronie.";"As dúvidas sobre esta política ou a utilização de dados pessoais podem ser enviadas para {email}. Esta política pode ser atualizada quando o website, as atividades de tratamento ou os requisitos legais se alterarem. A versão mais recente e a data de revisão são publicadas nesta página.";"Bu politikaya veya kişisel verilerin kullanımına ilişkin sorularınızı {email} adresine gönderebilirsiniz. Bu politika, web sitesi, işleme faaliyetleri veya yasal gereklilikler değiştiğinde güncellenebilir. En son sürüm ve inceleme tarihi bu sayfada yayınlanmaktadır."
"legal.shipping.title";"Verzending en retouren · titel";"true";"Verzenden en retourneren";"Expéditions et retours";"Shipping & returns";"Versand und Rücksendungen";"Envíos y devoluciones";"Wysyłka i zwroty";"Envios e devoluções";"Gönderim ve iadeler"
"legal.shipping.description";"Verzending en retouren · beschrijving";"true";"Hoe ophalen, bezorgen, transportkosten en B2B-retouraanvragen worden afgehandeld bij Enrosed-groothandelsbestellingen.";"Comment Enrosed gère la collecte, la livraison, les frais de transport et les demandes de retour B2B pour ses commandes en gros.";"How collection, delivery, transport costs and B2B return requests are handled for Enrosed wholesale orders.";"Wie Abholung, Lieferung, Transportkosten und B2B-Rückgabeanfragen für Enrosed-Großhandelsbestellungen gehandhabt werden.";"Cómo se gestionan la recogida, la entrega, los costes de transporte y las solicitudes de devolución B2B de los pedidos mayoristas de Enrosed.";"Jak obsługiwane są koszty odbioru, dostawy, transportu i żądania zwrotu B2B w przypadku zamówień hurtowych Enrosed.";"Como a Enrosed gere a recolha, a entrega, os custos de transporte e os pedidos de devolução B2B relativos às encomendas grossistas.";"Enrosed toptan siparişlerinde teslim alma, teslimat, taşıma maliyetleri ve B2B iade taleplerinin nasıl ele alındığı."
"legal.shipping.updated";"Verzending en retouren · datum bijgewerkt";"true";"20 augustus 2026";"20 août 2026";"20 August 2026";"20. August 2026";"20 de agosto de 2026";"20 sierpnia 2026 r";"20 de agosto de 2026";"20 Ağustos 2026"
"legal.shipping.regions.toc";"Verzending en retouren · Leveringsgebieden · label in inhoudsopgave";"true";"Leveringsgebieden";"Zones de livraison";"Regions";"Liefergebiete";"Zonas de envío";"Obszary dostawy";"Regiões de entrega";"Teslimat bölgeleri"
"legal.shipping.regions.title";"Verzending en retouren · Leveringsgebieden · titel";"true";"1. Verzendregio's";"1. Régions d'expédition";"1. Shipping regions";"1. Versandregionen";"1. Regiones de envío";"1. Regiony wysyłki";"1. Regiões de envio";"1. Nakliye bölgeleri"
"legal.shipping.regions.p1";"Verzending en retouren · Leveringsgebieden · alinea 1";"true";"Enrosed levert aan zakelijke klanten in België en Nederland. Andere EU-bestemmingen en bestemmingen buiten de EU worden op aanvraag in overweging genomen. Product, hoeveelheid, bestemming en eventuele importvereisten worden beoordeeld voordat het transport wordt bevestigd.";"Enrosed approvisionne des clients professionnels en Belgique et aux Pays-Bas. Les autres destinations dans l’UE et hors UE sont étudiées sur demande. Le produit, la quantité, la destination et les éventuelles exigences d’importation sont vérifiés avant confirmation du transport.";"Enrosed supplies business customers in Belgium and the Netherlands. Other EU destinations and destinations outside the EU are considered on request. Product, quantity, destination and any import requirements are reviewed before transport is confirmed.";"Enrosed beliefert Geschäftskunden in Belgien und den Niederlanden. Weitere EU-Ziele und Ziele außerhalb der EU werden auf Anfrage berücksichtigt. Produkt, Menge, Bestimmungsort und etwaige Importanforderungen werden überprüft, bevor der Transport bestätigt wird.";"Enrosed suministra a clientes empresariales en Bélgica y los Países Bajos. Otros destinos de la UE y destinos fuera de la UE se consideran bajo petición. El producto, la cantidad, el destino y cualquier requisito de importación se revisan antes de confirmar el transporte.";"Enrosed zaopatruje klientów biznesowych w Belgii i Holandii. Inne kierunki w UE i poza UE są rozpatrywane na życzenie. Produkt, ilość, miejsce przeznaczenia i wszelkie wymagania importowe są sprawdzane przed potwierdzeniem transportu.";"A Enrosed fornece clientes empresariais na Bélgica e nos Países Baixos. Outros destinos na UE e fora da UE são considerados mediante pedido. O produto, a quantidade, o destino e quaisquer requisitos de importação são analisados antes da confirmação do transporte.";"Enrosed, Belçika ve Hollanda'daki ticari müşterilere hizmet vermektedir. Talep üzerine diğer AB destinasyonları ve AB dışındaki destinasyonlar dikkate alınır. Taşıma onaylanmadan önce ürün, miktar, varış yeri ve tüm ithalat gereklilikleri gözden geçirilir."
"legal.shipping.methods.toc";"Verzending en retouren · Leveringsmethoden · label in inhoudsopgave";"true";"Leveringsmethoden";"Modes de livraison";"Methods";"Liefermethoden";"Métodos de entrega";"Metody dostawy";"Métodos de entrega";"Teslimat yöntemleri"
"legal.shipping.methods.title";"Verzending en retouren · Leveringsmethoden · titel";"true";"2. Bezorg- en ophaalmethoden";"2. Modalités de livraison et de collecte";"2. Delivery and collection methods";"2. Liefer- und Abholmethoden";"2. Formas de entrega y recogida";"2. Sposoby dostawy i odbioru";"2. Métodos de entrega e recolha";"2. Teslimat ve teslim alma yöntemleri"
"legal.shipping.methods.p1";"Verzending en retouren · Leveringsmethoden · alinea 1";"true";"Bij elke offerte wordt de wijze van levering of ophaling afgesproken, omdat rozenstolpen, flowerboxes en toonbankdisplays verschillende afmetingen en verwerkingsbehoeften hebben. Beschikbare opties kunnen zijn:";"Le mode de livraison ou de retrait est convenu pour chaque devis car les cloches à rose, les flowerboxes et les présentoirs de comptoir ont des dimensions et des besoins de manipulation différents. Les options disponibles peuvent inclure :";"The fulfilment method is agreed for each quotation because rose domes, flowerboxes and counter displays have different dimensions and handling needs. Available options can include:";"Die Liefer- oder Abholart wird für jedes Angebot vereinbart, da Rosenglocken, Flowerboxen und Thekendisplays unterschiedliche Abmessungen und Handhabungsanforderungen haben. Zu den verfügbaren Optionen können gehören:";"El método de entrega se acuerda para cada presupuesto, ya que las cúpulas de cristal, las cajas florales y los expositores de mostrador tienen dimensiones y necesidades de manipulación diferentes. Las opciones disponibles pueden incluir:";"Sposób wysyłki lub odbioru jest uzgadniany dla każdej oferty, ponieważ klosze z różami, flowerboxy i ekspozytory na ladę mają różne wymiary i wymagania dotyczące obsługi. Dostępne opcje mogą obejmować:";"A modalidade de envio ou recolha é acordada para cada orçamento, porque as cúpulas de rosas, as flowerboxes e os expositores de balcão têm dimensões e necessidades de manuseamento diferentes. As opções disponíveis podem incluir:";"Gül fanusları, flowerboxlar ve tezgâh stantları farklı boyutlara ve elleçleme ihtiyaçlarına sahip olduğundan, her teklif için teslimat yöntemi kararlaştırılır. Mevcut seçenekler şunlar olabilir:"
"legal.shipping.methods.item1";"Verzending en retouren · Leveringsmethoden · item 1";"true";"ophalen door de klant of een aangewezen vervoerder op een afgesproken plaats en tijd;";"Enlèvement par le client ou un transporteur désigné à un lieu et une heure convenus ;";"collection by the customer or an appointed carrier at an agreed place and time;";"Abholung durch den Kunden oder einen beauftragten Spediteur an einem vereinbarten Ort und Zeitpunkt;";"recogida por parte del cliente o de un transportista designado en el lugar y hora acordados;";"odbiór przez Klienta lub wyznaczonego przewoźnika w ustalonym miejscu i terminie;";"recolha pelo cliente ou por um transportador por ele designado, no local e na hora acordados;";"müşteri veya görevlendirilen bir taşıyıcı tarafından kararlaştırılan yer ve zamanda teslim alma;"
"legal.shipping.methods.item2";"Verzending en retouren · Leveringsmethoden · item 2";"true";"pakket- of vrachtvervoer geregeld door Enrosed of door de klant;";"transport de colis ou de marchandises organisé par Enrosed ou par le client ;";"parcel or freight transport arranged by Enrosed or by the customer;";"Paket- oder Frachttransport, der von Enrosed oder vom Kunden veranlasst wird;";"transporte de paquetería o carga organizado por Enrosed o por el cliente;";"transport paczek lub ładunków zorganizowany przez Enrosed lub przez klienta;";"transporte de encomendas ou carga organizado por Enrosed ou pelo cliente;";"Enrosed veya müşteri tarafından düzenlenen koli veya yük taşımacılığı;"
"legal.shipping.methods.item3";"Verzending en retouren · Leveringsmethoden · item 3";"true";"pallet- of volumetransport voor grotere groothandelsbestellingen.";"transport de palettes ou de volumes pour les commandes en gros plus importantes.";"pallet or volume transport for larger wholesale orders.";"Paletten- oder Volumentransport für größere Großhandelsbestellungen.";"Transporte de pallets o volumen para pedidos mayoristas de mayor tamaño.";"Transport paletowy lub objętościowy przy większych zamówieniach hurtowych.";"transporte em palete ou por volume para encomendas grossistas de maior dimensão.";"Daha büyük toptan siparişler için paletli veya hacimli yük taşımacılığı."
"legal.shipping.costs.toc";"Verzending en retouren · Transportkosten · label in inhoudsopgave";"true";"Transportkosten";"Frais de transport";"Transport costs";"Transportkosten";"Gastos de transporte";"Koszty transportu";"Custos de transporte";"Taşıma masrafları"
"legal.shipping.costs.title";"Verzending en retouren · Transportkosten · titel";"true";"3. Transportkosten";"3. Frais de transport";"3. Transport costs";"3. Transportkosten";"3. Costes de transporte";"3. Koszty transportu";"3. Custos de transporte";"3. Nakliye masrafları"
"legal.shipping.costs.p1";"Verzending en retouren · Transportkosten · alinea 1";"true";"Verzending en transport zijn niet automatisch inbegrepen in de productprijs. De kosten zijn afhankelijk van het verpakte volume en gewicht, de bestemming, de vervoerder en het serviceniveau. Het toepasselijke bedrag wordt bevestigd voordat het transport wordt gepland.";"Les frais d'expédition et de transport ne sont pas automatiquement inclus dans le prix du produit. Les coûts dépendent du volume et du poids emballés, de la destination, du transporteur et du niveau de service. Le montant applicable est confirmé avant la planification du transport.";"Shipping and transport are not automatically included in product pricing. Costs depend on the packed volume and weight, destination, carrier and service level. The applicable amount is confirmed before transport is scheduled.";"Versand und Transport sind nicht automatisch im Produktpreis enthalten. Die Kosten hängen vom verpackten Volumen und Gewicht, dem Bestimmungsort, dem Spediteur und dem Serviceniveau ab. Der anwendbare Betrag wird vor der Planung des Transports bestätigt.";"El envío y el transporte no están incluidos automáticamente en el precio del producto. Los costes dependen del volumen y peso del paquete, el destino, el transportista y el nivel de servicio. El importe aplicable se confirma antes de programar el transporte.";"Wysyłka i transport nie są automatycznie uwzględniane w cenie produktu. Koszty zależą od objętości i wagi opakowania, miejsca docelowego, przewoźnika i poziomu usług. Obowiązująca kwota jest potwierdzana przed ustaleniem terminu transportu.";"O envio e o transporte não estão automaticamente incluídos no preço do produto. Os custos dependem do volume e peso embalados, do destino, da transportadora e do nível de serviço. O valor aplicável é confirmado antes de o transporte ser agendado.";"Sevkiyat ve taşıma masrafları ürün fiyatına otomatik olarak dahil değildir. Maliyetler; paketlenmiş hacim ve ağırlığa, varış noktasına, taşıyıcıya ve hizmet seviyesine bağlıdır. Geçerli tutar, taşıma planlanmadan önce onaylanır."
"legal.shipping.planning.toc";"Verzending en retouren · Planning · label in inhoudsopgave";"true";"Planning & timing";"Planification et timing";"Planning & timing";"Planung und Timing";"Planificación y sincronización";"Planowanie i synchronizacja";"Planeamento e prazos";"Planlama ve zamanlama"
"legal.shipping.planning.title";"Verzending en retouren · Planning · titel";"true";"4. Verwerking en timing";"4. Traitement et synchronisation";"4. Processing and timing";"4. Verarbeitung und Timing";"4. Procesamiento y sincronización";"4. Przetwarzanie i synchronizacja";"4. Processamento e prazos";"4. İşleme ve zamanlama"
"legal.shipping.planning.p1";"Verzending en retouren · Planning · alinea 1";"true";"Bestellingen en ophalingen worden gepland nadat de bestelling, betaling en wijze van levering of ophaling zijn bevestigd. Enrosed vermeldt een verwachte verzend- of ophaaldatum bij de orderbevestiging. Het tijdstip is afhankelijk van de actuele voorraad, het ordervolume, de bestemming en de gekozen transportmethode.";"Les commandes et les retraits sont planifiés après confirmation de la commande, du paiement et du mode de livraison ou de retrait. Enrosed fournit une date d’expédition ou de collecte prévue avec la confirmation de commande. Le délai dépend du stock actuel, du volume de la commande, de la destination et du mode de transport sélectionné.";"Orders and collections are planned after the order, payment and fulfilment method are confirmed. Enrosed provides an expected shipping or collection date with the order confirmation. Timing depends on current stock, order volume, destination and the selected transport method.";"Bestellungen und Abholungen werden geplant, nachdem die Bestellung, die Zahlung und die Liefer- oder Abholart bestätigt wurden. Enrosed gibt mit der Bestellbestätigung ein voraussichtliches Versand- oder Abholdatum an. Der Zeitpunkt hängt vom aktuellen Lagerbestand, Bestellvolumen, Zielort und der gewählten Transportmethode ab.";"Los pedidos y las recogidas se planifican una vez confirmados el pedido, el pago y el método de entrega. Enrosed facilita una fecha prevista de envío o recogida junto con la confirmación del pedido. Los plazos dependen del stock actual, del volumen del pedido, del destino y del método de transporte elegido.";"Zamówienia i odbiory są planowane po potwierdzeniu zamówienia, płatności oraz sposobu wysyłki lub odbioru. Enrosed podaje przewidywaną datę wysyłki lub odbioru w potwierdzeniu zamówienia. Termin zależy od aktualnego stanu magazynowego, wielkości zamówienia, miejsca docelowego i wybranej metody transportu.";"As encomendas e recolhas são planeadas depois de confirmados a encomenda, o pagamento e a modalidade de envio ou recolha. A Enrosed indica uma data prevista de envio ou recolha na confirmação da encomenda. O prazo depende do stock atual, do volume da encomenda, do destino e do método de transporte selecionado.";"Siparişler ve teslim almalar, sipariş, ödeme ve teslimat yöntemi onaylandıktan sonra planlanır. Enrosed, sipariş onayıyla birlikte tahmini gönderim veya teslim alma tarihini bildirir. Zamanlama; mevcut stok, sipariş hacmi, varış noktası ve seçilen taşıma yöntemine bağlıdır."
"legal.shipping.planning.p2";"Verzending en retouren · Planning · alinea 2";"true";"Seizoensperioden zoals Valentijnsdag, Moederdag en eindejaarsfeesten kunnen extra productie- en transportplanning vereisen. Kopers dienen bij het aanvragen van een offerte de gewenste datum te vermelden.";"Les périodes saisonnières telles que la Saint-Valentin, la fête des mères et la fin de l'année peuvent nécessiter une planification supplémentaire de la production et du transport. Les acheteurs doivent inclure la date requise lors de la demande de devis.";"Seasonal periods such as Valentine’s Day, Mother’s Day and year-end can require additional production and transport planning. Buyers should include their required date when requesting a quotation.";"Saisonale Zeiträume wie Valentinstag, Muttertag und Jahresende können eine zusätzliche Produktions- und Transportplanung erfordern. Käufer sollten bei der Angebotsanfrage das gewünschte Datum angeben.";"Los períodos estacionales, como el Día de San Valentín, el Día de la Madre y el final del año, pueden requerir una planificación adicional de la producción y el transporte. Los compradores deben indicar la fecha requerida al solicitar un presupuesto.";"Okresy sezonowe, takie jak Walentynki, Dzień Matki i koniec roku, mogą wymagać dodatkowego planowania produkcji i transportu. Kupujący powinni podać wymaganą datę, prosząc o wycenę.";"Os períodos sazonais, como o Dia dos Namorados, o Dia da Mãe e o final do ano, podem exigir produção adicional e planeamento de transporte. Os compradores devem indicar a data pretendida ao pedir um orçamento.";"Sevgililer Günü, Anneler Günü ve yıl sonu gibi mevsimsel dönemler ek üretim ve nakliye planlaması gerektirebilir. Alıcılar, teklif isterken gerekli tarihi belirtmelidir."
"legal.shipping.tracking.toc";"Verzending en retouren · Tracking en risico · label in inhoudsopgave";"true";"Zending volgen";"Suivi";"Tracking";"Sendungsverfolgung";"Seguimiento";"Śledzenie";"Seguimento";"Takip"
"legal.shipping.tracking.title";"Verzending en retouren · Tracking en risico · titel";"true";"5. Tracking- en leveringsinformatie";"5. Informations de suivi et de livraison";"5. Tracking and delivery information";"5. Informationen zur Sendungsverfolgung und Lieferung";"5. Información de seguimiento y entrega";"5. Informacje o śledzeniu i dostawie";"5. Informações de seguimento e entrega";"5. Takip ve teslimat bilgileri"
"legal.shipping.tracking.p1";"Verzending en retouren · Tracking en risico · alinea 1";"true";"Wanneer de geselecteerde vervoerder tracking aanbiedt, worden de beschikbare trackinggegevens na verzending gedeeld. De klant is verantwoordelijk voor het verstrekken van een volledig afleveradres, contactpersoon en eventuele toegangsinformatie die de vervoerder nodig heeft.";"Lorsque le transporteur sélectionné assure le suivi, les détails de suivi disponibles sont partagés après l'expédition. Il appartient au client de fournir une adresse complète de livraison, une personne de contact ainsi que toutes les informations d'accès nécessaires au transporteur.";"Where the selected carrier provides tracking, the available tracking details are shared after dispatch. The customer is responsible for providing a complete delivery address, contact person and any access information needed by the carrier.";"Wenn der ausgewählte Spediteur eine Sendungsverfolgung bereitstellt, werden die verfügbaren Sendungsverfolgungsdetails nach dem Versand weitergegeben. Der Kunde ist für die Angabe einer vollständigen Lieferadresse, eines Ansprechpartners und aller vom Spediteur benötigten Zugangsinformationen verantwortlich.";"Cuando el transportista seleccionado proporciona seguimiento, los detalles de seguimiento disponibles se comparten después del envío. El cliente es responsable de proporcionar una dirección de entrega completa, una persona de contacto y cualquier información de acceso que necesite el transportista.";"Jeśli wybrany przewoźnik zapewnia śledzenie, dostępne szczegóły śledzenia są udostępniane po wysyłce. Klient jest odpowiedzialny za podanie pełnego adresu dostawy, osoby kontaktowej i wszelkich informacji dostępowych potrzebnych przewoźnikowi.";"Quando a transportadora selecionada disponibilizar seguimento, os dados disponíveis serão partilhados após o envio. O cliente é responsável por fornecer a morada de entrega completa, a pessoa de contacto e quaisquer informações de acesso necessárias à transportadora.";"Seçilen taşıyıcının takip sağladığı durumlarda mevcut takip detayları gönderimden sonra paylaşılır. Müşteri, eksiksiz teslimat adresini, irtibat kişisini ve taşıyıcının ihtiyaç duyduğu erişim bilgilerini sağlamaktan sorumludur."
"legal.shipping.tracking.p2";"Verzending en retouren · Tracking en risico · alinea 2";"true";"Extra kosten veroorzaakt door een onjuist adres, geweigerde levering of gemiste ophaling kunnen, indien van toepassing, aan de klant in rekening worden gebracht.";"Des frais supplémentaires occasionnés par une adresse incorrecte, un refus de livraison ou un retrait manqué peuvent être facturés au client le cas échéant.";"Additional costs caused by an incorrect address, refused delivery or missed collection can be charged to the customer where applicable.";"Zusätzliche Kosten, die durch eine falsche Adresse, verweigerte Lieferung oder versäumte Abholung verursacht werden, können dem Kunden gegebenenfalls in Rechnung gestellt werden.";"Los costes adicionales causados por una dirección incorrecta, una entrega rechazada o una recogida fallida podrán cobrarse al cliente cuando corresponda.";"Dodatkowe koszty spowodowane nieprawidłowym adresem, odmową przyjęcia dostawy lub nieudaną próbą odbioru mogą zostać naliczone klientowi, gdy ma to zastosowanie.";"Os custos adicionais causados por morada incorreta, recusa de entrega ou falta de recolha poderão ser cobrados ao cliente quando aplicável.";"Yanlış adres, reddedilen teslimat veya kaçırılan teslim alma nedeniyle oluşan ek masraflar, uygun olduğu durumlarda müşteriye yansıtılabilir."
"legal.shipping.damage.toc";"Verzending en retouren · Schade en tekorten · label in inhoudsopgave";"true";"Schade & tekorten";"Dommages et manques";"Damage & shortages";"Schäden und Mängel";"Daños y escasez";"Uszkodzenia i braki";"Danos e faltas";"Hasar ve eksiklikler"
"legal.shipping.damage.title";"Verzending en retouren · Schade en tekorten · titel";"true";"6. Beschadigingen, tekorten of verkeerde artikelen";"6. Dommages, pénuries ou articles incorrects";"6. Damage, shortages or incorrect items";"6. Schäden, Mängel oder falsche Artikel";"6. Daños, escasez o artículos incorrectos";"6. Uszkodzenia, braki lub nieprawidłowe elementy";"6. Danos, faltas ou artigos incorretos";"6. Hasar, eksiklik veya hatalı öğeler"
"legal.shipping.damage.p1";"Verzending en retouren · Schade en tekorten · alinea 1";"true";"Inspecteer de zending wanneer deze aankomt. Zichtbare schade, tekorten of onjuiste producten dienen binnen 48 uur te worden gemeld aan {email}. Voeg de bestelreferentie en duidelijke foto's van de buitenverpakking, binnenverpakking en betrokken producten toe.";"Inspectez l’envoi à son arrivée. Les dommages visibles, les pénuries ou les produits incorrects doivent être signalés dans les 48 heures à {email}. Incluez la référence de la commande et des photographies claires de l’emballage extérieur, de l’emballage intérieur et des produits concernés.";"Inspect the shipment when it arrives. Visible damage, shortages or incorrect products should be reported within 48 hours to {email}. Include the order reference and clear photographs of the outer packaging, inner packaging and affected products.";"Überprüfen Sie die Lieferung bei ihrer Ankunft. Sichtbare Schäden, Fehlmengen oder falsche Produkte müssen innerhalb von 48 Stunden an {email} gemeldet werden. Fügen Sie die Bestellnummer und klare Fotos der Außenverpackung, der Innenverpackung und der betroffenen Produkte bei.";"Inspeccione el envío a su llegada. Los daños visibles, los artículos faltantes o los productos incorrectos deben notificarse a {email} en un plazo de 48 horas. Incluya la referencia del pedido y fotografías claras del embalaje exterior, del embalaje interior y de los productos afectados.";"Sprawdź przesyłkę po jej otrzymaniu. Widoczne uszkodzenia, braki lub nieprawidłowe produkty należy zgłosić w ciągu 48 godzin na adres {email}. Dołącz numer zamówienia i wyraźne zdjęcia opakowania zewnętrznego i wewnętrznego oraz produktów, których to dotyczy.";"Inspecione a remessa quando chegar. Os danos visíveis, as faltas ou os produtos incorretos devem ser comunicados no prazo de 48 horas para {email}. Inclua a referência da encomenda e fotografias nítidas da embalagem exterior, da embalagem interior e dos produtos afetados.";"Gönderi geldiğinde inceleyin. Görünür hasar, eksiklik veya hatalı ürünler 48 saat içinde {email}'e bildirilmelidir. Sipariş referansını ve dış ambalajın, iç ambalajın ve etkilenen ürünlerin net fotoğraflarını ekleyin."
"legal.shipping.damage.p2";"Verzending en retouren · Schade en tekorten · alinea 2";"true";"Gooi de goederen of verpakking niet weg totdat Enrosed de volgende stap bevestigt, aangezien de vervoerder deze mogelijk nodig heeft voor beoordeling.";"Ne jetez pas les marchandises ou l'emballage jusqu'à ce que Enrosed confirme l'étape suivante, car le transporteur peut les exiger pour évaluation.";"Do not discard the goods or packaging until Enrosed confirms the next step, as the carrier may require them for assessment.";"Entsorgen Sie die Waren oder Verpackungen nicht, bis Enrosed den nächsten Schritt bestätigt, da der Spediteur sie möglicherweise zur Beurteilung benötigt.";"No deseche la mercancía ni el embalaje hasta que Enrosed confirme el siguiente paso, ya que el transportista puede requerirlos para su evaluación.";"Nie wyrzucaj towaru ani opakowania, dopóki Enrosed nie potwierdzi kolejnego kroku, ponieważ przewoźnik może wymagać ich do oceny.";"Não elimine a mercadoria ou a embalagem até que Enrosed confirme o passo seguinte, pois a transportadora poderá exigi-los para avaliação.";"Taşıyıcı değerlendirme için bunları isteyebileceğinden, Enrosed bir sonraki adımı onaylayana kadar malları veya ambalajı atmayın."
"legal.shipping.returns.toc";"Verzending en retouren · B2B-retouren · label in inhoudsopgave";"true";"B2B-retouren";"Retours B2B";"B2B returns";"B2B-Rücksendungen";"Devoluciones B2B";"Zwroty B2B";"Devoluções B2B";"B2B iadeleri"
"legal.shipping.returns.title";"Verzending en retouren · B2B-retouren · titel";"true";"7. B2B annuleringen en retourzendingen";"7. B2B annulations et retours";"7. B2B cancellations and returns";"7. B2B Stornierungen und Rückgaben";"7. B2B cancelaciones y devoluciones";"7. Anulacje i zwroty B2B";"7. B2B anulações e devoluções";"7. B2B iptaller ve iadeler"
"legal.shipping.returns.p1";"Verzending en retouren · B2B-retouren · alinea 1";"true";"Voor zakelijke bestellingen geldt geen herroepingstermijn voor consumenten. Annulering, ruilen of retourneren is alleen mogelijk nadat Enrosed schriftelijke toestemming geeft. De overeengekomen oplossing kan rekening houden met transport, handling, administratie, productconditie en eventueel waardeverlies.";"Les commandes commerciales ne comportent pas de délai de rétractation pour le consommateur. L’annulation, l’échange ou le retour ne sont possibles qu’après l’approbation écrite d’Enrosed. La solution convenue peut prendre en compte le transport, la manutention, l’administration, l’état du produit et toute perte de valeur.";"Business orders do not have a consumer withdrawal period. Cancellation, exchange or return is possible only after Enrosed gives written approval. The agreed solution can account for transport, handling, administration, product condition and any loss in value.";"Für Geschäftsbestellungen gilt keine Widerrufsfrist für Verbraucher. Stornierung, Umtausch oder Rückgabe sind nur nach schriftlicher Genehmigung von Enrosed möglich. Die vereinbarte Lösung kann Transport, Handhabung, Verwaltung, Produktzustand und etwaige Wertverluste berücksichtigen.";"Los pedidos comerciales no tienen período de desistimiento por parte del consumidor. La cancelación, el cambio o la devolución solo son posibles después de que Enrosed dé su aprobación por escrito. La solución acordada puede tener en cuenta el transporte, la manipulación, la administración, el estado del producto y cualquier pérdida de valor.";"Zamówienia biznesowe nie mają okresu na odstąpienie od umowy przez konsumenta. Anulowanie, wymiana lub zwrot możliwe są wyłącznie po wyrażeniu przez firmę Enrosed pisemnej zgody. Uzgodnione rozwiązanie może uwzględniać transport, przeładunek, administrację, stan produktu i jakąkolwiek utratę wartości.";"As encomendas comerciais não beneficiam do prazo de livre resolução aplicável aos consumidores. O cancelamento, a troca ou a devolução só são possíveis após aprovação escrita da Enrosed. A solução acordada pode ter em conta o transporte, o manuseamento, a administração, o estado do produto e qualquer perda de valor.";"Ticari siparişlerde tüketicilere tanınan cayma süresi yoktur. İptal, değişim veya iade yalnızca Enrosed’ın önceden yazılı onayıyla mümkündür. Mutabık kalınan çözüm; nakliye, elleçleme ve idari masraflar ile ürünün durumunu ve değer kaybını dikkate alabilir."
"legal.shipping.returns.p2";"Verzending en retouren · B2B-retouren · alinea 2";"true";"Voor huismerk-, gepersonaliseerde, speciaal geproduceerde of seizoensgebonden producten kunnen aanvullende beperkingen gelden die in de offerte worden vermeld. Stuur geen retourzending voordat u schriftelijke instructies en het juiste retouradres heeft ontvangen.";"Les produits de marque privée, personnalisés, d'origine spéciale ou saisonniers peuvent être soumis à des restrictions supplémentaires indiquées dans le devis. N'envoyez pas de retour avant d'avoir reçu des instructions écrites et l'adresse de retour correcte.";"Private-label, personalised, specially sourced or seasonal products may be subject to additional restrictions stated in the quotation. Do not send a return before receiving written instructions and the correct return address.";"Eigenmarkenprodukte, personalisierte, speziell bezogene oder saisonale Produkte können zusätzlichen Einschränkungen unterliegen, die im Angebot angegeben sind. Senden Sie eine Rücksendung erst, nachdem Sie schriftliche Anweisungen und die korrekte Rücksendeadresse erhalten haben.";"Los productos de marca propia, personalizados, de procedencia especial o de temporada pueden estar sujetos a restricciones adicionales indicadas en el presupuesto. No envíe ninguna devolución antes de recibir instrucciones por escrito y la dirección de devolución correcta.";"Produkty marki własnej, spersonalizowane, pochodzące ze specjalnego źródła lub produkty sezonowe mogą podlegać dodatkowym ograniczeniom określonym w ofercie. Nie wysyłaj zwrotu przed otrzymaniem pisemnych instrukcji i prawidłowego adresu zwrotnego.";"Os produtos de marca própria, personalizados, de origem especial ou sazonais podem estar sujeitos a restrições adicionais indicadas no orçamento. Não envie uma devolução antes de receber instruções por escrito e a morada correta para devolução.";"Özel etiketli, kişiselleştirilmiş, özel kaynaklı veya sezonluk ürünler, fiyat teklifinde belirtilen ek kısıtlamalara tabi olabilir. Yazılı talimatları ve doğru iade adresini almadan iade göndermeyin."
"legal.shipping.contact.toc";"Verzending en retouren · Contact · label in inhoudsopgave";"true";"Contact";"Contact";"Contact";"Kontakt";"Contacto";"Kontakt";"Contacto";"İletişim"
"legal.shipping.contact.title";"Verzending en retouren · Contact · titel";"true";"8. Contactpersoon voor verzending";"8. Contact d'expédition";"8. Shipping contact";"8. Versandkontakt";"8. Contacto de envío";"8. Kontakt do spraw wysyłki";"8. Contacto de envio";"8. Nakliye iletişim bilgileri"
"legal.shipping.contact.p1";"Verzending en retouren · Contact · alinea 1";"true";"Neem voor een verzendofferte of een bestaande levering contact op met Enrosed op {email} of {phone}. Vermeld uw bedrijf, bestelreferentie indien beschikbaar, bestemming en gewenste timing.";"Pour un devis d'expédition ou une livraison existante, contactez Enrosed au {email} ou {phone}. Incluez votre entreprise, la référence de la commande si disponible, la destination et le moment souhaité.";"For a shipping quotation or an existing delivery, contact Enrosed at {email} or {phone}. Include your company, order reference where available, destination and preferred timing.";"Für ein Versandangebot oder eine bestehende Lieferung wenden Sie sich an Enrosed unter {email} oder {phone}. Geben Sie Ihr Unternehmen, die Bestellnummer (sofern verfügbar), den Bestimmungsort und den bevorzugten Zeitpunkt an.";"Para solicitar un presupuesto de envío o consultar una entrega en curso, póngase en contacto con Enrosed a través de {email} o {phone}. Indique su empresa, la referencia del pedido si está disponible, el destino y la fecha deseada.";"Aby uzyskać wycenę wysyłki lub istniejącą dostawę, skontaktuj się z Enrosed pod numerem {email} lub {phone}. Podaj swoją firmę, numer zamówienia, jeśli jest dostępny, miejsce docelowe i preferowany termin.";"Para pedir um orçamento de transporte ou esclarecer uma entrega em curso, contacte a Enrosed através de {email} ou {phone}. Indique a empresa, a referência da encomenda quando disponível, o destino e o prazo pretendido.";"Gönderim teklifi veya mevcut teslimat için {email} veya {phone} numaralı telefondan Enrosed ile iletişime geçin. Şirketinizi, varsa sipariş referansını, varış yerini ve tercih edilen zamanlamayı ekleyin."
"legal.trade.title";"Handelsvoorwaarden · titel";"true";"Handelsvoorwaarden";"Conditions commerciales";"Trade terms";"Handelsbedingungen";"Términos comerciales";"Warunki handlowe";"Termos comerciais";"Ticaret şartları"
"legal.trade.description";"Handelsvoorwaarden · beschrijving";"true";"Het commerciële raamwerk voor groothandelsoffertes en zakelijke bestellingen die rechtstreeks bij Enrosed worden geplaatst.";"Le cadre commercial pour les devis de gros et les commandes commerciales passées directement avec Enrosed.";"The commercial framework for wholesale quotations and business orders placed directly with Enrosed.";"Der kommerzielle Rahmen für Großhandelsangebote und Geschäftsaufträge, die direkt bei Enrosed aufgegeben werden.";"El marco comercial para presupuestos mayoristas y pedidos comerciales realizados directamente con Enrosed.";"Komercyjna platforma dla ofert hurtowych i zamówień biznesowych składanych bezpośrednio w Enrosed.";"O enquadramento comercial para propostas grossistas e encomendas comerciais feitas diretamente à Enrosed.";"Doğrudan Enrosed ile verilen toptan satış teklifleri ve iş siparişleri için ticari çerçeve."
"legal.trade.updated";"Handelsvoorwaarden · datum bijgewerkt";"true";"20 augustus 2026";"20 août 2026";"20 August 2026";"20. August 2026";"20 de agosto de 2026";"20 sierpnia 2026 r";"20 de agosto de 2026";"20 Ağustos 2026"
"legal.trade.scope.toc";"Handelsvoorwaarden · Toepasselijkheid · label in inhoudsopgave";"true";"Toepasselijkheid";"Champ d’application";"Scope";"Geltungsbereich";"Ámbito de aplicación";"Zakres";"Âmbito";"Kapsam"
"legal.trade.scope.title";"Handelsvoorwaarden · Toepasselijkheid · titel";"true";"1. Toepassingsgebied";"1. Portée";"1. Scope";"1. Geltungsbereich";"1. Alcance";"1. Zakres";"1. Âmbito";"1. Kapsam"
"legal.trade.scope.p1";"Handelsvoorwaarden · Toepasselijkheid · alinea 1";"true";"Deze handelsvoorwaarden zijn van toepassing op zakelijke klanten die bij Enrosed BV kopen via een offerte, e-mail, factuur, betalingsverzoek of een overeengekomen route via Royal FloraHolland. Deze website is een groothandelscatalogus en omgeving voor offerteaanvragen; het is geen online consumentenbestelomgeving.";"Les présentes conditions commerciales s’appliquent aux clients professionnels qui achètent auprès d’Enrosed BV par l’intermédiaire d’un devis, d’un e-mail, d’une facture, d’une demande de paiement ou d’un canal convenu via Royal FloraHolland. Ce site sert de catalogue de gros et d’espace de demandes de devis ; il ne propose pas de commande en ligne aux consommateurs.";"These trade terms apply to business customers purchasing from Enrosed BV through a quotation, email, invoice, payment request or an agreed Royal FloraHolland route. This website is a wholesale catalogue and quotation environment; it does not provide a consumer checkout.";"Diese Geschäftsbedingungen gelten für Geschäftskunden, die über ein Angebot, per E-Mail, per Rechnung, über eine Zahlungsaufforderung oder über einen vereinbarten Vertriebsweg von Royal FloraHolland bei Enrosed BV einkaufen. Diese Website dient als Großhandelskatalog und für Angebotsanfragen; sie bietet keinen Checkout für Verbraucher.";"Estas condiciones comerciales se aplican a los clientes empresariales que compran a Enrosed BV mediante un presupuesto, por correo electrónico, mediante factura, solicitud de pago o a través de un canal acordado de Royal FloraHolland. Este sitio web es un catálogo mayorista y un entorno de solicitud de presupuestos; no ofrece un proceso de compra en línea para consumidores.";"Niniejsze warunki handlowe mają zastosowanie do klientów biznesowych kupujących od Enrosed BV na podstawie oferty, e-maila, faktury, wezwania do zapłaty lub za pośrednictwem uzgodnionego kanału Royal FloraHolland. Ta strona internetowa jest katalogiem hurtowym i środowiskiem do składania zapytań ofertowych; nie umożliwia konsumentom dokonania zakupu online.";"Estes termos comerciais aplicam-se aos clientes empresariais que compram à Enrosed BV através de um orçamento, e-mail, fatura, pedido de pagamento ou canal acordado da Royal FloraHolland. Este website é um ambiente de catálogo e pedidos de proposta para venda por grosso; não disponibiliza checkout para consumidores.";"Bu ticari şartlar; teklif, e-posta, fatura, ödeme talebi veya Royal FloraHolland üzerinden kararlaştırılan bir kanal aracılığıyla Enrosed BV’den satın alan kurumsal müşteriler için geçerlidir. Bu web sitesi bir toptan katalog ve teklif talep ortamıdır; tüketicilere çevrimiçi sipariş ve ödeme imkânı sunmaz."
"legal.trade.scope.p2";"Handelsvoorwaarden · Toepasselijkheid · alinea 2";"true";"Een offerte kan productspecifieke of projectspecifieke voorwaarden bevatten. Indien een uitdrukkelijk overeengekomen offerte afwijkt van deze algemene handelsvoorwaarden, prevaleert de offerte voor die opdracht.";"Un devis peut inclure des conditions spécifiques au produit ou au projet. Dans le cas où un devis expressément convenu diffère des présentes conditions générales de vente, le devis prévaut pour cette commande.";"A quotation may include product-specific or project-specific conditions. Where an expressly agreed quotation differs from these general trade terms, the quotation prevails for that order.";"Ein Angebot kann produktspezifische oder projektspezifische Konditionen enthalten. Sofern ein ausdrücklich vereinbartes Angebot von diesen Allgemeinen Geschäftsbedingungen abweicht, ist das Angebot für den betreffenden Auftrag maßgebend.";"Un presupuesto puede incluir condiciones específicas del producto o del proyecto. Cuando un presupuesto expresamente acordado difiera de estas condiciones comerciales generales, el presupuesto prevalecerá para ese pedido.";"Oferta może zawierać warunki specyficzne dla produktu lub projektu. Jeżeli wyraźnie uzgodniona oferta różni się od niniejszych ogólnych warunków handlowych, oferta jest wiążąca dla tego zamówienia.";"Um orçamento pode incluir condições específicas do produto ou do projeto. Quando um orçamento expressamente acordado diferir destes termos comerciais gerais, esse orçamento prevalece para a encomenda em causa.";"Bir teklif, ürüne özel veya projeye özel koşulları içerebilir. Açıkça kabul edilen bir fiyat teklifinin bu genel ticari şartlardan farklı olması durumunda, söz konusu sipariş için teklif geçerli olacaktır."
"legal.trade.quotesOrders.toc";"Handelsvoorwaarden · Offertes en bestellingen · label in inhoudsopgave";"true";"Offertes en bestellingen";"Devis et commandes";"Quotes & orders";"Angebote und Bestellungen";"Presupuestos y pedidos";"Oferty i zamówienia";"Orçamentos e encomendas";"Teklifler ve siparişler"
"legal.trade.quotesOrders.title";"Handelsvoorwaarden · Offertes en bestellingen · titel";"true";"2. Offertes en bestellingen";"2. Devis et commandes";"2. Quotes and orders";"2. Angebote und Bestellungen";"2. Presupuestos y pedidos";"2. Oferty i zamówienia";"2. Orçamentos e encomendas";"2. Fiyat teklifleri ve siparişler"
"legal.trade.quotesOrders.p1";"Handelsvoorwaarden · Offertes en bestellingen · alinea 1";"true";"Een offerteaanvraag is nog geen bestelling. Enrosed bevestigt de geselecteerde producten, kleuren, aantallen, doosindeling, prijs, beschikbaarheid en wijze van levering of ophaling schriftelijk. Een zakelijke bestelling wordt bindend wanneer Enrosed deze aanvaardt en aan eventuele overeengekomen betalingsvoorwaarden is voldaan.";"Une demande de devis n’est pas encore une commande. Enrosed confirme par écrit les produits sélectionnés, les couleurs, les quantités, la configuration du carton, le prix, la disponibilité et le mode de livraison ou de retrait. Une commande commerciale devient contraignante lorsqu’elle est acceptée par Enrosed et que toute exigence de paiement convenue a été remplie.";"A request for a quote is not yet an order. Enrosed confirms the selected products, colours, quantities, carton configuration, price, availability and fulfilment method in writing. A business order becomes binding when it is accepted by Enrosed and any agreed payment requirement has been met.";"Eine Angebotsanfrage ist noch keine Bestellung. Enrosed bestätigt die ausgewählten Produkte, Farben, Mengen, Kartonkonfiguration, Preis, Verfügbarkeit und Liefer- oder Abholart schriftlich. Ein Geschäftsauftrag wird verbindlich, wenn er von Enrosed angenommen wird und etwaige vereinbarte Zahlungsbedingungen erfüllt sind.";"Una solicitud de presupuesto aún no es un pedido. Enrosed confirma por escrito los productos seleccionados, los colores, las cantidades, la configuración de la caja, el precio, la disponibilidad y la modalidad de envío o recogida. Una orden comercial se vuelve vinculante cuando es aceptada por Enrosed y se ha cumplido con cualquier requisito de pago acordado.";"Zapytanie ofertowe nie jest jeszcze zamówieniem. Enrosed potwierdza w formie pisemnej wybrane produkty, kolory, ilości, konfigurację kartonów, cenę, dostępność i sposób wysyłki lub odbioru. Zamówienie biznesowe staje się wiążące, gdy zostanie zaakceptowane przez Enrosed i spełnione zostaną wszelkie uzgodnione wymagania dotyczące płatności.";"Um pedido de proposta ainda não constitui uma encomenda. A Enrosed confirma por escrito os produtos selecionados, as cores, as quantidades, a configuração das caixas, o preço, a disponibilidade e a modalidade de envio ou recolha. Uma encomenda comercial torna-se vinculativa quando é aceite pela Enrosed e quando qualquer condição de pagamento acordada estiver cumprida.";"Teklif talebi henüz sipariş değildir. Enrosed seçilen ürünleri, renkleri, miktarları, karton düzenini, fiyatı, stok durumunu ve gönderim veya teslim alma şeklini yazılı olarak teyit eder. Ticari bir sipariş, Enrosed tarafından kabul edildiğinde ve üzerinde anlaşılan ödeme şartları yerine getirildiğinde bağlayıcı hâle gelir."
"legal.trade.quotesOrders.p2";"Handelsvoorwaarden · Offertes en bestellingen · alinea 2";"true";"Offertes blijven geldig gedurende de op de offerte vermelde termijn. De beschikbaarheid van producten kan veranderen totdat een bestelling en betaling zijn bevestigd.";"Les devis restent valables pour la durée indiquée sur le devis. La disponibilité des produits peut changer jusqu'à ce qu'une commande et un paiement soient confirmés.";"Quotations remain valid for the period shown on the quotation. Product availability can change until an order and payment are confirmed.";"Angebote bleiben für den im Angebot angegebenen Zeitraum gültig. Die Produktverfügbarkeit kann sich ändern, bis eine Bestellung und Zahlung bestätigt sind.";"Los presupuestos siguen siendo válidos durante el período indicado en el presupuesto. La disponibilidad de los productos puede cambiar hasta que se confirmen el pedido y el pago.";"Oferty zachowują ważność przez okres wskazany na ofercie. Dostępność produktu może ulec zmianie do czasu potwierdzenia zamówienia i płatności.";"Os orçamentos mantêm-se válidos durante o período neles indicado. A disponibilidade dos produtos pode mudar até a encomenda e o pagamento serem confirmados.";"Teklifler, teklifte gösterilen süre boyunca geçerli kalır. Ürün stok durumu, sipariş ve ödeme onaylanana kadar değişebilir."
"legal.trade.pricesPayment.toc";"Handelsvoorwaarden · Prijzen en betaling · label in inhoudsopgave";"true";"Prijzen & betaling";"Prix et paiement";"Prices & payment";"Preise & Zahlung";"Precios y pago";"Ceny i płatności";"Preços e pagamento";"Fiyatlar ve ödeme"
"legal.trade.pricesPayment.title";"Handelsvoorwaarden · Prijzen en betaling · titel";"true";"3. Prijzen en betaling";"3. Prix et paiement";"3. Prices and payment";"3. Preise und Zahlung";"3. Precios y pago";"3. Ceny i płatności";"3. Preços e pagamento";"3. Fiyatlar ve ödeme"
"legal.trade.pricesPayment.p1";"Handelsvoorwaarden · Prijzen en betaling · alinea 1";"true";"Handelsprijzen, valuta, BTW-behandeling en eventuele aanvullende commerciële voorwaarden worden in de offerte vermeld. Transport-, pallet-, handling- of speciale verpakkingskosten zijn alleen inbegrepen als de offerte dit uitdrukkelijk vermeldt.";"Les prix commerciaux, la devise, le traitement TVA et toutes conditions commerciales supplémentaires sont indiqués dans le devis. Les frais de transport, de palette, de manutention ou d'emballage spécial ne sont inclus que lorsque le devis le précise expressément.";"Trade prices, currency, VAT treatment and any additional commercial terms are stated in the quotation. Transport, pallet, handling or special packaging costs are included only when the quotation expressly says so.";"Handelspreise, Währung, Mehrwertsteuerbehandlung und etwaige zusätzliche Handelsbedingungen sind im Angebot angegeben. Transport-, Paletten-, Handling- oder Sonderverpackungskosten sind nur dann enthalten, wenn dies im Angebot ausdrücklich angegeben ist.";"Los precios comerciales, la moneda, el tratamiento del IVA y cualquier condición comercial adicional se indican en el presupuesto. Los costes de transporte, palés, manipulación o embalajes especiales solo están incluidos cuando el presupuesto lo indique expresamente.";"Ceny handlowe, waluta, podatek VAT i wszelkie dodatkowe warunki handlowe są podane w ofercie. Koszty transportu, palety, manipulacji lub specjalnego opakowania są uwzględniane tylko wtedy, gdy oferta wyraźnie tak stanowi.";"Os preços comerciais, a moeda, o tratamento do IVA e quaisquer termos comerciais adicionais são indicados no orçamento. Os custos de transporte, palete, manuseamento ou embalagem especial só estão incluídos quando o orçamento o indicar expressamente.";"Ticari fiyatlar, para birimi, KDV uygulaması ve her türlü ek ticari şartlar teklifte belirtilmiştir. Nakliye, palet, elleçleme veya özel paketleme maliyetleri yalnızca teklifte açıkça belirtildiği takdirde dahildir."
"legal.trade.pricesPayment.p2";"Handelsvoorwaarden · Prijzen en betaling · alinea 2";"true";"Tenzij Enrosed schriftelijk anders overeenkomt, worden directe B2B-bestellingen vooraf betaald. Bestellingen die via Royal FloraHolland worden gerouteerd, volgen het overeengekomen veiling- en afwikkelingsproces.";"Sauf si Enrosed en convient autrement par écrit, les commandes directes B2B sont payées à l'avance. Les commandes acheminées via Royal FloraHolland suivent le processus d'enchères et de règlement convenu.";"Unless Enrosed agrees otherwise in writing, direct B2B orders are paid in advance. Orders routed through Royal FloraHolland follow the agreed auction and settlement process.";"Sofern Enrosed nichts anderes schriftlich vereinbart, werden direkte B2B-Bestellungen im Voraus bezahlt. Bestellungen, die über Royal FloraHolland abgewickelt werden, folgen dem vereinbarten Auktions- und Abrechnungsprozess.";"A menos que Enrosed acuerde lo contrario por escrito, los pedidos directos de B2B se pagan por adelantado. Las órdenes enviadas a través de Royal FloraHolland siguen el proceso de subasta y liquidación acordado.";"O ile Enrosed nie uzgodni inaczej na piśmie, za zamówienia bezpośrednie B2B płaci się z góry. Zamówienia kierowane przez Royal FloraHolland podlegają uzgodnionemu procesowi aukcji i rozliczeń.";"Salvo acordo escrito em contrário com a Enrosed, as encomendas B2B diretas são pagas antecipadamente. As encomendas efetuadas através da Royal FloraHolland seguem o processo acordado de leilão e liquidação.";"Enrosed aksini yazılı olarak kabul etmedikçe, doğrudan B2B siparişlerinin ödemesi peşin yapılır. Royal FloraHolland aracılığıyla yönlendirilen siparişler, üzerinde anlaşılan açık artırma ve uzlaşma sürecini takip eder."
"legal.trade.products.toc";"Handelsvoorwaarden · Producten · label in inhoudsopgave";"true";"Producten en beschikbaarheid";"Produits et disponibilité";"Products & availability";"Produkte und Verfügbarkeit";"Productos y disponibilidad";"Produkty i dostępność";"Produtos e disponibilidade";"Ürünler ve stok durumu"
"legal.trade.products.title";"Handelsvoorwaarden · Producten · titel";"true";"4. Producten en beschikbaarheid";"4. Produits et disponibilité";"4. Products and availability";"4. Produkte und Verfügbarkeit";"4. Productos y disponibilidad";"4. Produkty i dostępność";"4. Produtos e disponibilidade";"4. Ürünler ve bulunabilirlik"
"legal.trade.products.p1";"Handelsvoorwaarden · Producten · alinea 1";"true";"Afbeeldingen en beschrijvingen helpen kopers het assortiment te vergelijken. Gepreserveerde rozen zijn natuurproducten en kunnen licht verschillen in vorm en kleur; ook schermen en verlichting kunnen de kleurwaarneming beïnvloeden. De exacte kleurrichting, afmetingen, doosaantallen en actuele voorraad worden in de offerte bevestigd.";"Les images et les descriptions aident les acheteurs à comparer la gamme. Les roses naturelles préservées peuvent présenter de petites variations de forme et de couleur, tandis que les écrans et l'éclairage peuvent affecter la perception des couleurs. La direction exacte des couleurs, les dimensions, les quantités de cartons et le stock actuel sont confirmés dans le devis.";"Images and descriptions help buyers compare the range. Natural preserved roses can show small variations in shape and colour, while screens and lighting can affect colour perception. Exact colour direction, dimensions, carton quantities and current stock are confirmed in the quotation.";"Bilder und Beschreibungen helfen Käufern, das Sortiment zu vergleichen. Natürlich konservierte Rosen können kleine Abweichungen in Form und Farbe aufweisen, während Bildschirme und Beleuchtung die Farbwahrnehmung beeinträchtigen können. Genaue Farbrichtung, Abmessungen, Kartonmengen und aktueller Lagerbestand werden im Angebot bestätigt.";"Las imágenes y descripciones ayudan a los compradores a comparar la gama. Las rosas naturales preservadas pueden presentar pequeñas variaciones de forma y color, mientras que las pantallas y la iluminación pueden afectar a la percepción del color. La dirección exacta del color, las dimensiones, las cantidades por caja y el stock actual se confirman en el presupuesto.";"Zdjęcia i opisy pomagają kupującym porównać asortyment. Naturalnie stabilizowane róże mogą wykazywać niewielkie różnice w kształcie i kolorze, natomiast ekrany i oświetlenie mogą wpływać na postrzeganie kolorów. Dokładny kierunek kolorystyki, wymiary, ilości kartonów i aktualne stany magazynowe potwierdzane są w wycenie.";"As imagens e descrições ajudam os compradores a comparar a gama. As rosas naturais preservadas podem apresentar pequenas variações de forma e cor; os ecrãs e a iluminação também podem afetar a perceção das cores. A direção exata da cor, as dimensões, as quantidades por caixa e o stock atual são confirmados no orçamento.";"Resimler ve açıklamalar, alıcıların ürün yelpazesini karşılaştırmasına yardımcı olur. Doğal olarak korunmuş güller şekil ve renk açısından küçük farklılıklar gösterebilirken, ekranlar ve ışıklandırma da renk algısını etkileyebilir. Tam renk yönü, boyutlar, karton miktarları ve mevcut stok, teklifte teyit edilir."
"legal.trade.products.p2";"Handelsvoorwaarden · Producten · alinea 2";"true";"Private labeling, aangepaste verpakkingen en seizoensprogramma's zijn alleen beschikbaar wanneer Enrosed de haalbaarheid, minimale hoeveelheid, artwork, kosten en doorlooptijd voor het geselecteerde project bevestigt.";"Les programmes de marque privée, d'emballage personnalisé et saisonniers sont disponibles uniquement lorsque Enrosed confirme la faisabilité, la quantité minimale, les illustrations, le coût et le délai de livraison du projet sélectionné.";"Private-labelling, customised packaging and seasonal programmes are available only when Enrosed confirms feasibility, minimum quantity, artwork, cost and lead time for the selected project.";"Private Labeling, maßgeschneiderte Verpackungen und saisonale Programme sind nur verfügbar, wenn Enrosed Machbarkeit, Mindestmenge, Druckvorlage, Kosten und Vorlaufzeit für das ausgewählte Projekt bestätigt.";"Las soluciones de marca propia, los embalajes personalizados y los programas de temporada solo están disponibles cuando Enrosed confirma la viabilidad, la cantidad mínima, los requisitos gráficos, el coste y el plazo de entrega del proyecto seleccionado.";"Rozwiązania z marką własną, niestandardowe opakowania i programy sezonowe są dostępne tylko wtedy, gdy Enrosed potwierdzi wykonalność, minimalną ilość, wymagania graficzne, koszt i czas realizacji wybranego projektu.";"A marca própria, as embalagens personalizadas e os programas sazonais só estão disponíveis quando a Enrosed confirma a viabilidade, a quantidade mínima, os requisitos gráficos, o custo e o prazo do projeto selecionado.";"Özel marka, özelleştirilmiş ambalaj ve sezonluk programlar yalnızca Enrosed seçilen proje için uygulanabilirliği, minimum miktarı, grafik çalışma gereksinimlerini, maliyeti ve teslim süresini onayladığında sunulur."
"legal.trade.delivery.toc";"Handelsvoorwaarden · Levering · label in inhoudsopgave";"true";"Bezorgen & ophalen";"Livraison & collecte";"Delivery & collection";"Lieferung und Abholung";"Entrega y recogida";"Dostawa i odbiór";"Entrega e recolha";"Teslimat ve teslim alma"
"legal.trade.delivery.title";"Handelsvoorwaarden · Levering · titel";"true";"5. Bezorgen en ophalen";"5. Livraison et collecte";"5. Delivery and collection";"5. Lieferung und Abholung";"5. Entrega y recogida";"5. Dostawa i odbiór";"5. Entrega e recolha";"5. Teslimat ve teslim alma"
"legal.trade.delivery.p1";"Handelsvoorwaarden · Levering · alinea 1";"true";"Levering of afhaling wordt geregeld op basis van ordervolume, bestemming en productvereisten. Mogelijke methoden zijn onder meer overeengekomen ophaling, pakket- of vrachtvervoer en, indien geschikt, pallet- of volumevervoer.";"La livraison ou l'enlèvement est organisé en fonction du volume de commande, de la destination et des exigences du produit. Les méthodes possibles incluent la collecte convenue, le transport de colis ou de marchandises et le transport de palettes ou de volumes, le cas échéant.";"Delivery or collection is arranged according to order volume, destination and product requirements. Possible methods include agreed collection, parcel or freight transport, and pallet or volume transport where suitable.";"Die Lieferung oder Abholung erfolgt je nach Bestellvolumen, Bestimmungsort und Produktanforderungen. Zu den möglichen Methoden gehören die vereinbarte Abholung, der Paket- oder Gütertransport sowie gegebenenfalls der Paletten- oder Volumentransport.";"La entrega o recogida se organiza según el volumen del pedido, el destino y los requisitos del producto. Los métodos posibles incluyen la recogida acordada, el transporte de paquetes o carga y el transporte de palés o volumen, cuando corresponda.";"Dostawa lub odbiór są organizowane w zależności od wielkości zamówienia, miejsca przeznaczenia i wymagań produktu. Możliwe metody obejmują uzgodniony odbiór, transport paczek lub towarów oraz, w stosownych przypadkach, transport paletowy lub objętościowy.";"A entrega ou recolha é organizada de acordo com o volume da encomenda, o destino e os requisitos do produto. Os métodos possíveis incluem a recolha acordada, o transporte de encomendas ou carga e, quando adequado, o transporte em palete ou por volume.";"Teslimat veya teslim alma, sipariş hacmine, varış noktasına ve ürün gereksinimlerine göre düzenlenir. Olası yöntemler arasında kararlaştırılan teslim alma, koli veya yük taşımacılığı ve uygun olduğunda paletli ya da hacimli yük taşımacılığı yer alır."
"legal.trade.delivery.p2";"Handelsvoorwaarden · Levering · alinea 2";"true";"De planning begint na de bevestiging van de bestelling en de betaling. Datums zijn schattingen totdat de wijze van levering of ophaling is overeengekomen. In de offerte of orderbevestiging worden de toepasselijke transportkosten en de verwachte verzend- of ophaaldatum vermeld.";"La planification commence après la confirmation de la commande et du paiement. Les dates sont des estimations jusqu’à ce que le mode de livraison ou de retrait soit convenu. Le devis ou la confirmation de commande indique les frais de transport applicables et la date prévue d’expédition ou de retrait.";"Planning begins after order and payment confirmation. Dates are estimates until the fulfilment method is agreed. The quotation or order confirmation records the applicable transport cost and expected shipping or collection date.";"Die Planung beginnt nach Auftrags- und Zahlungsbestätigung. Bei den Terminen handelt es sich um Schätzungen, bis die Liefer- oder Abholart vereinbart ist. Im Angebot oder in der Auftragsbestätigung sind die geltenden Transportkosten und das voraussichtliche Versand- oder Abholdatum aufgeführt.";"La planificación comienza tras la confirmación del pedido y del pago. Las fechas son estimadas hasta que se acuerde el método de entrega. El presupuesto o la confirmación del pedido indica el coste de transporte aplicable y la fecha prevista de envío o recogida.";"Planowanie rozpoczyna się po potwierdzeniu zamówienia i płatności. Terminy mają charakter szacunkowy do czasu ustalenia sposobu realizacji. W ofercie lub potwierdzeniu zamówienia wskazano obowiązujący koszt transportu oraz przewidywaną datę wysyłki lub odbioru.";"O planeamento começa após a confirmação da encomenda e do pagamento. As datas são estimativas até a modalidade de envio ou recolha ser acordada. O orçamento ou a confirmação da encomenda regista o custo de transporte aplicável e a data prevista de envio ou recolha.";"Planlama, sipariş ve ödeme onayından sonra başlar. Tarihler, gönderim veya teslim alma yöntemi üzerinde anlaşmaya varılana kadar tahminidir. Fiyat teklifi veya sipariş onayı, geçerli nakliye maliyetini ve beklenen nakliye veya teslim alma tarihini kaydeder."
"legal.trade.inspection.toc";"Handelsvoorwaarden · Controle en klachten · label in inhoudsopgave";"true";"Inspectie en claims";"Inspection et réclamations";"Inspection & claims";"Inspektion und Reklamationen";"Inspección y reclamaciones";"Kontrola i reklamacje";"Inspeção e reclamações";"Kontrol ve reklamasyonlar"
"legal.trade.inspection.title";"Handelsvoorwaarden · Controle en klachten · titel";"true";"6. Inspectie en claims";"6. Inspection et réclamations";"6. Inspection and claims";"6. Inspektion und Reklamationen";"6. Inspección y reclamaciones";"6. Przegląd i reklamacje";"6. Inspeção e reclamações";"6. Kontrol ve reklamasyonlar"
"legal.trade.inspection.p1";"Handelsvoorwaarden · Controle en klachten · alinea 1";"true";"Zakelijke klanten moeten de levering onmiddellijk inspecteren. Zichtbare transportschade, tekorten of onjuiste artikelen dienen binnen 48 uur na ontvangst te worden gemeld aan {email}, met de bestelreferentie en duidelijke foto's van de goederen en verpakking.";"Les clients professionnels doivent inspecter la livraison dans les plus brefs délais. Les dommages visibles dus au transport, les pénuries ou les articles incorrects doivent être signalés dans les 48 heures suivant la réception à {email}, avec la référence de la commande et des photographies claires des marchandises et de l'emballage.";"Business customers must inspect the delivery promptly. Visible transport damage, shortages or incorrect items should be reported within 48 hours of receipt to {email}, with the order reference and clear photographs of the goods and packaging.";"Geschäftskunden haben die Lieferung unverzüglich zu prüfen. Sichtbare Transportschäden, Fehlmengen oder falsche Artikel sollten innerhalb von 48 Stunden nach Erhalt an {email} gemeldet werden, unter Angabe der Bestellnummer und klarer Fotos der Ware und Verpackung.";"Los clientes empresariales deben inspeccionar la entrega de inmediato. Los daños visibles durante el transporte, los artículos faltantes o los artículos incorrectos deben notificarse a {email} en un plazo de 48 horas desde la recepción, junto con la referencia del pedido y fotografías claras de la mercancía y del embalaje.";"Klienci biznesowi muszą niezwłocznie sprawdzić dostawę. Widoczne uszkodzenia transportowe, braki lub nieprawidłowe elementy należy zgłosić w ciągu 48 godzin od otrzymania do {email}, podając numer zamówienia i wyraźne zdjęcia towaru i opakowania.";"Os clientes empresariais devem inspecionar a entrega imediatamente. Os danos de transporte visíveis, as faltas ou os artigos incorretos devem ser comunicados no prazo de 48 horas após a receção para {email}, com a referência da encomenda e fotografias nítidas da mercadoria e da embalagem.";"Ticari müşterilerin teslimatı derhal incelemesi gerekir. Görünür nakliye hasarları, eksiklikler veya yanlış öğeler, sipariş referansı ve malların ve ambalajın net fotoğrafları ile birlikte, teslim alındıktan sonraki 48 saat içinde {email}'e bildirilmelidir."
"legal.trade.inspection.p2";"Handelsvoorwaarden · Controle en klachten · alinea 2";"true";"Houd de producten en verpakkingen beschikbaar terwijl Enrosed en de vervoerder de melding beoordelen. Niets in deze voorwaarden beperkt rechten die niet juridisch kunnen worden uitgesloten.";"Gardez les produits et les emballages disponibles pendant que Enrosed et le transporteur évaluent le rapport. Rien dans ces termes ne limite les droits qui ne peuvent légalement être exclus.";"Keep the products and packaging available while Enrosed and the carrier assess the report. Nothing in these terms limits rights that cannot legally be excluded.";"Halten Sie die Produkte und Verpackungen verfügbar, während Enrosed und der Spediteur den Bericht prüfen. Nichts in diesen Bedingungen schränkt Rechte ein, die gesetzlich nicht ausgeschlossen werden können.";"Mantenga los productos y los embalajes disponibles mientras Enrosed y el transportista evalúan la reclamación. Nada de lo dispuesto en estas condiciones limita los derechos que legalmente no pueden excluirse.";"Zachowaj produkty i opakowania do dyspozycji do czasu, aż Enrosed i przewoźnik ocenią zgłoszenie.";"Mantenha os produtos e embalagens disponíveis enquanto a Enrosed e a transportadora avaliam o relatório. Nada nestes termos limita direitos que não possam ser legalmente excluídos.";"Enrosed ve taşıyıcı raporu değerlendirirken ürünleri ve ambalajı hazır bulundurun. Bu şartlarda yer alan hiçbir şey, yasal olarak hariç tutulamayacak hakları sınırlamaz."
"legal.trade.changes.toc";"Handelsvoorwaarden · Wijzigen en annuleren · label in inhoudsopgave";"true";"Wijzigingen en retouren";"Modifications et retours";"Changes & returns";"Umtausch und Rückgabe";"Cambios y devoluciones";"Zmiany i zwroty";"Alterações e devoluções";"Değişiklikler ve iadeler"
"legal.trade.changes.title";"Handelsvoorwaarden · Wijzigen en annuleren · titel";"true";"7. Wijzigen, annuleren en retourneren";"7. Modifications, annulation et retours";"7. Changes, cancellation and returns";"7. Änderungen, Widerruf und Rückgabe";"7. Cambios, cancelaciones y devoluciones";"7. Zmiany, anulacje i zwroty";"7. Alterações, cancelamentos e devoluções";"7. Değişiklikler, iptaller ve iadeler"
"legal.trade.changes.p1";"Handelsvoorwaarden · Wijzigen en annuleren · alinea 1";"true";"Herroepingsrechten voor consumenten zijn niet van toepassing op B2B-bestellingen. Voor wijzigingen, annuleringen en retourzendingen is de voorafgaande schriftelijke toestemming van Enrosed vereist. Reeds gemaakte handling-, transport-, administratie- of andere kosten kunnen aan de klant in rekening worden gebracht.";"Les droits de rétractation des consommateurs ne s’appliquent pas aux commandes B2B. Les modifications, annulations et retours nécessitent l’accord écrit préalable d’Enrosed. Les frais de manutention, de transport, d’administration ou autres frais déjà engagés pourront être facturés au client.";"Consumer withdrawal rights do not apply to B2B orders. Changes, cancellations and returns require Enrosed’s prior written agreement. Handling, transport, administration or other costs already incurred may be charged to the customer.";"Das Widerrufsrecht des Verbrauchers gilt nicht für B2B-Bestellungen. Änderungen, Stornierungen und Rückgaben bedürfen der vorherigen schriftlichen Zustimmung von Enrosed. Bereits entstandene Bearbeitungs-, Transport-, Verwaltungs- oder sonstige Kosten können dem Kunden in Rechnung gestellt werden.";"El derecho de desistimiento de los consumidores no se aplica a los pedidos B2B. Los cambios, las cancelaciones y las devoluciones requieren el acuerdo previo por escrito de Enrosed. Los gastos de manipulación, transporte, administración u otros gastos ya incurridos podrán cobrarse al cliente.";"Prawo konsumenta do odstąpienia od umowy nie ma zastosowania do zamówień B2B. Zmiany, anulacje i zwroty wymagają wcześniejszej pisemnej zgody firmy Enrosed. Klient może zostać obciążony kosztami manipulacyjnymi, transportowymi, administracyjnymi lub innymi już poniesionymi kosztami.";"O direito de livre resolução dos consumidores não se aplica às encomendas B2B. As alterações, os cancelamentos e as devoluções exigem o acordo prévio por escrito da Enrosed. Os custos de manuseamento, transporte, administração ou outros custos já incorridos podem ser cobrados ao cliente.";"Tüketicilerin cayma hakkı B2B siparişleri için geçerli değildir. Değişiklikler, iptaller ve iadeler Enrosed’ın önceden yazılı onayını gerektirir. Daha önce oluşmuş elleçleme, nakliye, idari veya diğer masraflar müşteriye yansıtılabilir."
"legal.trade.changes.p2";"Handelsvoorwaarden · Wijzigen en annuleren · alinea 2";"true";"Voor gepersonaliseerde, private label-, speciaal geproduceerde of seizoensgebonden producten kunnen aanvullende annulerings- en retourvoorwaarden gelden die in de offerte staan vermeld.";"Les produits personnalisés, de marque privée, d'origine spéciale ou saisonniers peuvent être soumis à des conditions d'annulation et de retour supplémentaires indiquées dans le devis.";"Personalised, private-label, specially sourced or seasonal products can be subject to additional cancellation and return conditions stated in the quotation.";"Für personalisierte Produkte, Eigenmarkenprodukte, speziell beschaffte oder saisonale Produkte können zusätzliche Stornierungs- und Rückgabebedingungen gelten, die im Angebot angegeben sind.";"Los productos personalizados, de marca propia, de procedencia especial o de temporada pueden estar sujetos a condiciones adicionales de cancelación y devolución indicadas en el presupuesto.";"Produkty spersonalizowane, marki własnej, pochodzące ze specjalnego źródła lub produkty sezonowe mogą podlegać dodatkowym warunkom anulowania i zwrotu określonym w ofercie.";"Os produtos personalizados, de marca própria, de origem especial ou sazonais podem estar sujeitos a condições adicionais de cancelamento e devolução indicadas no orçamento.";"Kişiye özel, özel etiketli, özel kaynaklı veya sezonluk ürünler, fiyat teklifinde belirtilen ek iptal ve iade koşullarına tabi olabilir."
"legal.trade.lawContact.toc";"Handelsvoorwaarden · Toepasselijk recht en contact · label in inhoudsopgave";"true";"Recht & contact";"Loi et contact";"Law & contact";"Recht & Kontakt";"Ley y contacto";"Prawo i kontakt";"Lei e contacto";"Hukuk ve iletişim"
"legal.trade.lawContact.title";"Handelsvoorwaarden · Toepasselijk recht en contact · titel";"true";"8. Toepasselijk recht en contact";"8. Loi applicable et contact";"8. Applicable law and contact";"8. Anwendbares Recht und Kontakt";"8. Ley aplicable y contacto";"8. Obowiązujące prawo i kontakt";"8. Lei aplicável e contacto";"8. Geçerli yasa ve iletişim"
"legal.trade.lawContact.p1";"Handelsvoorwaarden · Toepasselijk recht en contact · alinea 1";"true";"Op de zakelijke relatie is het Belgisch recht van toepassing. Tenzij dwingend recht anders bepaalt, vallen geschillen onder de jurisdictie van de bevoegde rechtbanken in Limburg, België.";"Le droit belge s'applique à la relation commerciale. Sauf disposition contraire de la loi impérative, les litiges relèvent de la compétence des tribunaux compétents du Limbourg, Belgique.";"Belgian law applies to the business relationship. Unless mandatory law provides otherwise, disputes fall within the jurisdiction of the competent courts in Limburg, Belgium.";"Für die Geschäftsbeziehung gilt belgisches Recht. Sofern nicht zwingendes Recht etwas anderes vorsieht, fallen Streitigkeiten in die Zuständigkeit der zuständigen Gerichte in Limburg, Belgien.";"La ley belga se aplica a la relación comercial. A menos que la ley imperativa disponga lo contrario, las disputas son competencia de los tribunales competentes de Limburgo, Bélgica.";"W stosunkach biznesowych obowiązuje prawo belgijskie. O ile obowiązujące prawo nie stanowi inaczej, spory podlegają jurysdykcji właściwych sądów w Limburgii w Belgii.";"A lei belga aplica-se à relação comercial. Salvo disposição em contrário da lei imperativa, os litígios são da competência dos tribunais competentes de Limburgo, na Bélgica.";"İş ilişkisine Belçika hukuku uygulanır. Emredici hukuk kuralları aksini öngörmedikçe, uyuşmazlıklar Belçika’nın Limburg bölgesindeki yetkili mahkemelerin yargı yetkisine tabidir."
"legal.trade.lawContact.vat";"Handelsvoorwaarden · Toepasselijk recht en contact · btw-nummer";"true";"BTW";"TVA";"VAT";"MwSt";"IVA";"VAT";"IVA";"KDV"
